open_time,open,high,low,close,volume,quote_volume,trades,taker_buy_base,taker_buy_quote
2026-07-26 12:00:00,47.18,47.37,47.14,47.37,8154.289,385479.07317,3542,4521.314,213798.13054
2026-07-26 13:00:00,47.37,47.38,47.01,47.08,14350.977,677244.69083,4904,7320.528,345646.12782
2026-07-26 14:00:00,47.08,47.11,46.65,47.07,28382.836,1331073.75726,10788,13504.8,633517.13976
2026-07-26 15:00:00,47.07,47.8,47.03,47.76,21469.59,1018623.91759,8210,12026.608,570980.95394
2026-07-26 16:00:00,47.77,48.18,47.57,48.0,37291.696,1786617.53872,12957,20802.675,996885.81158
2026-07-26 17:00:00,47.99,48.05,47.68,47.79,17902.2,857021.92748,5736,6563.521,314074.36304
2026-07-26 18:00:00,47.8,48.08,47.65,47.95,11856.197,567098.82507,5842,6803.451,325474.71666
2026-07-26 19:00:00,47.94,48.08,47.86,47.87,8011.699,384257.67657,4671,4825.171,231424.91758
2026-07-26 20:00:00,47.87,47.94,47.68,47.71,4281.716,204635.73015,2800,2023.075,96721.45825
2026-07-26 21:00:00,47.7,47.78,47.56,47.65,9308.337,443391.83978,3990,3396.952,161857.40842
2026-07-26 22:00:00,47.65,48.28,47.65,48.03,20512.865,986287.48505,10093,12106.069,582230.20066
2026-07-26 23:00:00,48.02,48.06,47.77,47.84,8640.392,413841.36601,4866,4805.235,230070.66294
2026-07-27 00:00:00,47.85,47.85,47.4,47.46,6847.504,325683.46599,4118,3010.017,143253.17552
2026-07-27 01:00:00,47.46,47.48,47.22,47.41,4413.223,209029.28415,3432,2152.903,101990.45948
2026-07-27 02:00:00,47.41,47.41,47.23,47.35,3540.079,167617.24147,2786,1822.859,86306.93235
2026-07-27 03:00:00,47.34,47.45,47.24,47.41,5328.629,252309.16417,2994,3188.449,150935.37763
2026-07-27 04:00:00,47.41,47.51,47.34,47.46,4552.223,215899.89038,3024,2222.841,105425.60822
2026-07-27 05:00:00,47.47,47.73,47.38,47.38,14011.242,666363.82853,5819,5551.091,264284.7455
2026-07-27 06:00:00,47.39,47.6,47.3,47.39,10936.608,518516.25662,6720,4506.567,213673.62959
2026-07-27 07:00:00,47.38,47.45,47.27,47.32,8900.338,421506.45788,4643,4548.547,215436.21006
2026-07-27 08:00:00,47.33,47.34,46.85,47.05,17412.391,819054.42362,7388,8776.335,412645.49952
2026-07-27 09:00:00,47.04,47.15,46.94,46.98,7180.765,337581.01709,3971,4251.133,199835.20302
2026-07-27 10:00:00,46.97,47.1,46.94,47.05,5815.33,273368.81181,2864,2514.884,118210.25676
2026-07-27 11:00:00,47.05,47.06,46.96,47.04,7038.497,330887.18636,3208,3139.706,147620.63852
2026-07-27 12:00:00,47.03,47.09,46.77,47.0,8266.808,388338.41515,4336,3214.407,151001.99035
2026-07-27 13:00:00,47.0,47.39,46.98,47.21,13967.714,658498.43663,8066,7192.414,339113.41214
2026-07-27 14:00:00,47.21,47.26,46.22,46.45,22642.939,1057174.65198,12701,12054.208,562486.38802
2026-07-27 15:00:00,46.44,46.49,46.23,46.36,10093.031,467896.79701,8667,5009.251,232251.58236
2026-07-27 16:00:00,46.37,46.63,46.05,46.54,17275.051,801749.78155,8223,7750.01,360033.59851
2026-07-27 17:00:00,46.54,46.65,46.48,46.5,9812.511,456881.40665,4617,3992.659,185937.50692
2026-07-27 18:00:00,46.5,46.55,46.29,46.4,17988.287,834645.40788,7580,10103.497,468826.05826
2026-07-27 19:00:00,46.41,46.6,46.36,46.57,7708.981,358622.68422,4286,4337.697,201787.11796
2026-07-27 20:00:00,46.57,46.79,46.49,46.78,13864.46,646465.78628,5443,8751.087,408098.47389
2026-07-27 21:00:00,46.78,46.81,46.5,46.61,7270.848,339368.11465,3684,3544.63,165501.5036
2026-07-27 22:00:00,46.61,46.62,46.02,46.09,15891.849,736524.94604,8357,6934.216,321761.21427
2026-07-27 23:00:00,46.09,46.16,45.94,46.05,11323.595,521350.63534,6953,5623.536,258918.24211
2026-07-28 00:00:00,46.06,46.14,45.95,46.03,7281.314,335355.7751,4845,4083.169,188052.18635
2026-07-28 01:00:00,46.03,46.24,45.89,46.17,8142.402,375206.24499,5152,5190.226,239266.81413
2026-07-28 02:00:00,46.16,46.48,46.04,46.29,9455.87,437635.59708,4457,4589.257,212558.72102
2026-07-28 03:00:00,46.29,46.42,46.26,46.3,6226.258,288493.36633,3228,3616.795,167626.20204
2026-07-28 04:00:00,46.29,46.4,46.18,46.32,3491.826,161682.6567,2464,1460.212,67604.3314
2026-07-28 05:00:00,46.32,46.42,46.23,46.24,3573.022,165520.39626,2679,1828.262,84706.27365
2026-07-28 06:00:00,46.23,46.44,46.11,46.44,5547.692,256586.99774,3283,3102.833,143580.49803
2026-07-28 07:00:00,46.43,46.47,46.33,46.45,3972.736,184378.10297,2858,2175.12,100953.69724
2026-07-28 08:00:00,46.44,46.48,46.25,46.26,6510.178,301769.90565,3600,2030.305,94168.41682
2026-07-28 09:00:00,46.26,46.56,46.25,46.49,9705.908,450218.95906,5372,3953.152,183456.46697
2026-07-28 10:00:00,46.48,46.59,46.41,46.53,9603.66,446580.28544,4667,3657.931,170142.55377
2026-07-28 11:00:00,46.53,46.65,46.41,46.59,7351.591,342080.20213,4173,3844.16,178921.51774
2026-07-28 12:00:00,46.6,46.7,46.53,46.67,5860.153,273252.07237,3665,2790.018,130117.20906
2026-07-28 13:00:00,46.68,46.7,46.08,46.15,15423.741,715514.99753,9486,5682.245,263634.52706
2026-07-28 14:00:00,46.14,46.29,45.97,46.19,19390.158,894491.56686,9460,8530.212,393652.80121
2026-07-28 15:00:00,46.2,46.6,46.09,46.58,20242.869,938538.58556,10532,9393.536,435680.5029
2026-07-28 16:00:00,46.58,46.63,46.32,46.56,14622.511,679238.64934,6197,5078.045,235935.58014
2026-07-28 17:00:00,46.55,46.56,46.2,46.32,7386.215,342433.16836,4515,3550.949,164711.22968
2026-07-28 18:00:00,46.32,46.42,46.23,46.3,5815.605,269413.5109,3939,3264.746,151255.47838
2026-07-28 19:00:00,46.3,46.5,46.26,46.5,8220.365,381281.22041,4253,4528.001,210057.51142
2026-07-28 20:00:00,46.5,46.58,46.45,46.48,6272.743,291716.83512,3821,2951.407,137273.41908
2026-07-28 21:00:00,46.49,46.58,46.4,46.4,4086.958,189997.60928,2909,2061.829,95865.0978
2026-07-28 22:00:00,46.4,46.41,45.99,46.0,7585.448,350440.31173,4043,2552.31,117928.51009
2026-07-28 23:00:00,45.99,46.22,45.95,46.21,5234.995,241364.02089,3520,2871.282,132379.05553
2026-07-29 00:00:00,46.22,46.4,46.16,46.32,6564.999,304024.22969,3905,3321.369,153815.18962
2026-07-29 01:00:00,46.33,46.33,46.01,46.04,6741.764,310989.17091,3731,2789.58,128605.36612
2026-07-29 02:00:00,46.04,46.34,45.95,46.24,5089.329,235143.63524,3458,3386.787,156535.93976
2026-07-29 03:00:00,46.24,46.24,45.22,45.32,18477.793,843850.89437,9442,7468.939,340950.40482
2026-07-29 04:00:00,45.32,45.43,44.97,45.16,17399.499,786366.5004,11438,7933.376,358663.33503
2026-07-29 05:00:00,45.17,45.4,45.07,45.3,19162.912,867375.74639,6244,7981.486,361310.78088
2026-07-29 06:00:00,45.29,45.54,45.24,45.28,26075.639,1183049.64856,6296,11651.841,528747.96891
2026-07-29 07:00:00,45.28,45.29,45.08,45.25,11166.092,504358.14188,4509,4129.652,186631.7397
2026-07-29 08:00:00,45.25,45.25,45.04,45.16,10009.636,451736.78194,4174,4109.95,185548.61604
2026-07-29 09:00:00,45.16,45.51,45.15,45.43,8005.361,363200.82889,3804,4396.833,199402.4292
2026-07-29 10:00:00,45.44,45.49,45.16,45.22,7125.723,323257.92258,3770,3461.725,157061.5162
2026-07-29 11:00:00,45.22,45.44,45.21,45.34,13508.533,612556.69616,4823,6431.374,291666.10555
2026-07-29 12:00:00,45.35,45.38,45.19,45.32,12019.794,544252.79518,4955,3848.823,174324.22583
2026-07-29 13:00:00,45.31,45.43,45.17,45.4,14511.744,657294.33922,6289,4880.104,221111.36459
2026-07-29 14:00:00,45.41,45.44,44.9,44.97,27762.85,1251967.68804,8288,7839.171,353347.87634
2026-07-29 15:00:00,44.98,45.13,44.85,44.99,17970.514,808590.36181,7726,7224.495,325159.39767
2026-07-29 16:00:00,44.99,45.25,44.92,45.22,8406.715,379080.97081,5503,4559.814,205655.55712
2026-07-29 17:00:00,45.21,45.51,45.21,45.51,7635.222,346336.71811,5346,4865.385,220736.53002
2026-07-29 18:00:00,45.5,45.8,45.22,45.59,19051.866,867800.0501,11565,9454.035,430668.90059
2026-07-29 19:00:00,45.6,45.63,44.93,44.97,10515.22,476075.93686,7776,4514.963,204566.75403
2026-07-29 20:00:00,44.97,45.0,44.33,44.48,17421.803,777792.30723,10485,6611.678,295230.39623
2026-07-29 21:00:00,44.47,44.85,44.34,44.83,12169.517,542824.44061,6710,6421.698,286467.58818
2026-07-29 22:00:00,44.83,45.23,44.83,45.23,15079.881,679972.968,7025,9619.322,433749.02753
2026-07-29 23:00:00,45.23,45.53,45.1,45.45,12470.117,565096.18235,5045,8447.435,382952.34631
2026-07-30 00:00:00,45.45,45.54,45.06,45.1,15000.142,680288.84263,5559,8343.078,378538.44651
2026-07-30 01:00:00,45.1,45.48,45.1,45.41,5456.273,247333.38681,3213,3385.809,153472.59848
2026-07-30 02:00:00,45.41,45.47,45.25,45.31,5583.501,253179.43828,2550,2342.071,106201.47971
2026-07-30 03:00:00,45.31,45.61,45.29,45.44,10044.551,456938.64383,3999,7088.847,322498.72957
2026-07-30 04:00:00,45.44,45.46,45.31,45.37,4455.874,202211.11007,2804,2311.048,104882.91306
2026-07-30 05:00:00,45.37,45.54,45.32,45.48,3568.027,162158.21246,2530,1569.315,71303.99948
2026-07-30 06:00:00,45.47,45.54,45.41,45.51,2595.604,118055.09415,1916,1364.553,62064.79929
2026-07-30 07:00:00,45.51,45.59,45.3,45.36,7429.324,337495.78284,3543,3254.769,147903.46339
2026-07-30 08:00:00,45.36,45.44,45.27,45.37,4479.065,203167.34267,3188,2230.868,101184.41627
2026-07-30 09:00:00,45.37,45.4,45.09,45.16,11948.24,540782.36255,5777,5191.09,235049.66403
2026-07-30 10:00:00,45.15,45.41,45.13,45.21,7192.813,325625.08092,4007,3230.246,146234.81925
2026-07-30 11:00:00,45.21,45.58,45.12,45.48,10278.501,465416.30874,5797,5782.904,261922.90786
2026-07-30 12:00:00,45.47,45.49,45.2,45.27,9744.045,441825.68562,4397,3267.156,148145.83752
2026-07-30 13:00:00,45.27,45.5,45.18,45.46,7212.895,326894.47895,4843,4008.515,181708.79117
2026-07-30 14:00:00,45.45,45.48,45.22,45.26,8830.319,400345.26335,5513,4750.582,215384.68735
2026-07-30 15:00:00,45.26,45.38,44.88,45.17,10980.504,495374.8953,6367,4773.465,215322.29977
2026-07-30 16:00:00,45.16,45.4,45.09,45.4,13277.416,600936.60321,6214,7317.498,331346.68347
2026-07-30 17:00:00,45.4,45.45,45.3,45.38,8512.469,386214.47582,4652,5517.03,250337.09027
2026-07-30 18:00:00,45.39,45.43,45.21,45.32,14729.408,667965.77548,6215,7833.919,355327.94809
2026-07-30 19:00:00,45.32,45.58,45.25,45.43,9673.082,439799.53137,4441,4486.752,204000.37811
2026-07-30 20:00:00,45.44,45.74,45.41,45.68,16242.554,739804.16008,7025,11558.904,526456.60429
2026-07-30 21:00:00,45.69,45.83,45.65,45.81,13723.486,627961.01464,5240,9091.091,416054.86903
2026-07-30 22:00:00,45.8,45.84,45.59,45.7,12564.546,574429.98906,5224,5697.844,260590.6393
2026-07-30 23:00:00,45.7,45.82,45.56,45.58,5033.745,230159.43589,3355,2225.278,101753.37684
2026-07-31 00:00:00,45.58,45.79,45.55,45.67,6211.172,283609.71116,3614,2892.768,132077.9167
2026-07-31 01:00:00,45.68,45.91,45.52,45.59,10940.221,500414.2864,6608,5093.831,232726.50172
2026-07-31 02:00:00,45.59,45.62,45.26,45.33,3702.575,168252.57838,3732,1978.178,89901.02009
2026-07-31 03:00:00,45.33,45.43,45.26,45.41,4276.106,193892.2692,2963,2040.008,92520.29224
2026-07-31 04:00:00,45.4,45.4,45.21,45.38,3341.457,151410.91736,2371,1561.642,70772.74314
2026-07-31 05:00:00,45.37,45.5,45.34,45.44,4484.776,203756.28142,2439,1422.232,64615.3221
2026-07-31 06:00:00,45.44,45.46,45.22,45.35,6443.96,292189.69025,3412,2196.384,99626.77707
2026-07-31 07:00:00,45.36,45.43,45.15,45.38,5436.276,246137.57613,4731,2995.992,135671.66841
2026-07-31 08:00:00,45.37,45.45,45.2,45.24,7230.382,327724.82752,4309,2677.839,121405.62177
2026-07-31 09:00:00,45.23,45.27,44.99,45.01,10025.808,452811.74451,5126,4590.508,207358.78534
2026-07-31 10:00:00,45.0,45.17,44.94,45.08,7183.979,323836.17467,4147,3560.351,160504.79782
2026-07-31 11:00:00,45.08,45.17,44.86,44.88,10007.522,450463.60918,4382,5718.554,257407.45558
2026-07-31 12:00:00,44.89,45.2,44.75,45.16,11778.41,529851.87554,6257,6592.545,296555.48692
2026-07-31 13:00:00,45.16,45.33,44.98,45.03,14623.584,659882.40494,8758,9577.129,431998.13954
2026-07-31 14:00:00,45.03,45.23,44.72,44.87,12849.468,577689.00256,9341,5711.114,256846.42829
2026-07-31 15:00:00,44.86,45.05,44.81,44.92,6641.428,298439.21691,4719,2918.245,131081.05355
2026-07-31 16:00:00,44.92,45.0,44.65,44.8,8837.932,395811.71395,5238,6168.651,276169.56907
2026-07-31 17:00:00,44.8,45.01,44.74,44.97,8902.376,399425.04621,4606,5578.848,250316.50816
2026-07-31 18:00:00,44.96,45.0,44.84,44.93,4072.421,182989.60703,3446,2205.157,99085.68689
2026-07-31 19:00:00,44.93,45.02,44.85,44.89,7211.264,324027.49705,3858,3300.362,148294.28523
2026-07-31 20:00:00,44.89,44.98,44.55,44.66,9860.524,441654.44704,6510,4185.189,187503.39295
2026-07-31 21:00:00,44.66,44.81,44.56,44.66,10141.659,453245.13864,4257,5809.766,259776.04301
2026-07-31 22:00:00,44.66,44.71,44.22,44.23,8108.003,360739.86327,4692,2299.528,102354.46903
2026-07-31 23:00:00,44.23,44.36,44.18,44.31,6791.081,300717.48382,3777,4125.371,182659.65982
2026-08-01 00:00:00,44.31,44.43,44.18,44.3,7293.088,323351.50051,4091,3212.797,142432.72599
2026-08-01 01:00:00,44.3,44.33,44.23,44.27,8847.49,391781.7108,3683,3863.037,171067.95646
2026-08-01 02:00:00,44.27,44.54,44.27,44.53,4467.206,198371.24808,2574,2120.307,94109.75079
2026-08-01 03:00:00,44.53,44.61,44.48,44.59,5086.785,226621.31601,2909,2929.093,130485.58852
2026-08-01 04:00:00,44.59,44.77,44.54,44.73,5693.537,254139.02382,3371,3228.651,144104.08614
2026-08-01 05:00:00,44.73,44.75,44.38,44.45,4967.882,221423.26254,2924,2165.192,96482.55241
2026-08-01 06:00:00,44.45,44.66,44.45,44.59,5089.226,226813.53547,2959,2584.171,115161.67578
2026-08-01 07:00:00,44.59,44.68,44.51,44.52,7346.842,327586.3167,3290,3370.3,150291.26539
2026-08-01 08:00:00,44.52,44.61,44.36,44.46,7942.806,353224.58135,3927,4009.944,178332.28626
2026-08-01 09:00:00,44.46,44.53,44.35,44.38,7692.858,341977.28248,3266,3249.403,144403.17745
2026-08-01 10:00:00,44.38,44.45,44.21,44.34,6074.296,269199.72029,3573,2859.645,126713.04057
2026-08-01 11:00:00,44.34,44.41,44.26,44.35,4291.541,190275.59893,2492,2260.88,100249.26385
2026-08-01 12:00:00,44.35,44.4,44.27,44.38,5131.848,227535.61355,2479,2560.991,113565.46987
2026-08-01 13:00:00,44.38,44.4,44.21,44.31,9637.13,426804.55252,4046,3839.737,170049.80585
2026-08-01 14:00:00,44.31,44.32,44.09,44.2,10929.292,482787.81563,4159,4386.379,193771.26264
2026-08-01 15:00:00,44.2,44.22,44.06,44.1,9701.116,428113.71494,3594,4242.73,187230.98055
2026-08-01 16:00:00,44.1,44.24,43.97,44.06,10216.173,450626.97335,4954,5302.807,233862.50449
2026-08-01 17:00:00,44.06,44.2,43.89,44.0,10064.887,443329.17455,5477,5128.03,225882.8742
2026-08-01 18:00:00,44.0,44.02,43.62,43.9,13166.645,577000.43128,8862,7164.676,313922.96631
2026-08-01 19:00:00,43.89,44.11,43.86,44.02,9427.37,414579.53477,4965,5628.778,247524.47565
2026-08-01 20:00:00,44.01,44.08,43.95,44.05,4748.987,209043.9424,3095,2320.497,102162.95729
2026-08-01 21:00:00,44.04,44.17,44.01,44.17,4360.917,192284.26433,3052,2084.445,91907.97491
2026-08-01 22:00:00,44.17,44.26,44.1,44.23,3243.805,143369.26399,2088,1551.658,68593.68894
2026-08-01 23:00:00,44.23,44.26,44.15,44.25,3579.335,158186.07997,2014,1530.031,67624.66863
2026-08-02 00:00:00,44.25,44.28,44.12,44.22,7693.125,340189.83476,4201,4727.357,209043.62854
2026-08-02 01:00:00,44.23,44.72,44.21,44.57,15709.217,698844.87761,6470,8526.338,379370.14038
2026-08-02 02:00:00,44.56,44.8,44.56,44.64,6922.06,309205.59273,4212,3444.309,153836.58659
2026-08-02 03:00:00,44.65,44.74,44.62,44.66,3787.985,169248.29792,2084,1528.004,68276.34265
2026-08-02 04:00:00,44.66,44.75,44.58,44.6,5204.614,232356.18805,2750,2048.922,91483.6867
2026-08-02 05:00:00,44.6,44.73,44.56,44.69,3190.828,142480.09619,2286,1670.522,74602.40991
2026-08-02 06:00:00,44.69,44.86,44.68,44.84,2801.409,125437.51874,1923,1711.249,76624.62826
2026-08-02 07:00:00,44.83,44.9,44.78,44.84,2889.379,129560.29291,1853,1395.812,62585.31462
2026-08-02 08:00:00,44.85,44.86,44.68,44.72,4374.893,195900.00689,2307,1940.576,86887.07112
2026-08-02 09:00:00,44.71,44.87,44.65,44.83,4223.133,189114.85678,2439,2170.717,97215.18471
2026-08-02 10:00:00,44.84,44.84,44.68,44.68,4499.316,201318.94268,2452,1707.832,76430.80819
2026-08-02 11:00:00,44.69,44.72,44.55,44.64,6147.432,274366.94698,3388,2891.679,129076.77086
2026-08-02 12:00:00,44.64,44.73,44.62,44.69,2949.255,131782.16994,2160,1713.723,76575.16499
2026-08-02 13:00:00,44.69,44.72,44.57,44.7,3662.332,163536.6613,2333,1888.525,84341.95861
2026-08-02 14:00:00,44.7,44.75,44.59,44.68,3076.501,137403.76395,2193,1504.797,67206.14242
2026-08-02 15:00:00,44.67,44.8,44.67,44.75,3762.503,168374.02593,2471,2173.971,97301.22933
2026-08-02 16:00:00,44.75,44.88,44.71,44.85,5593.361,250647.05303,2919,2776.885,124432.53678
2026-08-02 17:00:00,44.84,45.03,44.81,44.99,6855.122,308175.42706,2814,3251.291,146177.20696
2026-08-02 18:00:00,44.99,45.04,44.91,44.95,5174.321,232749.43533,2569,2604.463,117182.32544
2026-08-02 19:00:00,44.94,45.05,44.82,45.05,5731.709,257511.20645,2828,3174.335,142655.69726
2026-08-02 20:00:00,45.04,45.05,44.81,44.87,3890.023,174682.62765,1988,2280.804,102378.55428
2026-08-02 21:00:00,44.88,45.01,44.84,44.93,2778.83,124875.38664,2110,1423.775,63995.33989
2026-08-02 22:00:00,44.93,45.05,44.77,44.81,6121.904,274860.00619,3003,3176.067,142576.74946
2026-08-02 23:00:00,44.81,44.81,44.66,44.69,3998.329,178787.41485,2173,1588.399,71007.77211
2026-08-03 00:00:00,44.7,44.78,44.59,44.74,3621.689,161850.38153,2472,1428.41,63843.32149
2026-08-03 01:00:00,44.73,44.74,44.62,44.64,2452.688,109603.96814,1986,1067.28,47695.02322
2026-08-03 02:00:00,44.65,44.65,44.51,44.58,3356.111,149636.21098,2282,2053.136,91547.43426
2026-08-03 03:00:00,44.57,44.6,44.33,44.45,4954.45,220495.72428,2801,2796.091,124452.51919
2026-08-03 04:00:00,44.44,44.57,44.4,44.41,3028.767,134747.66153,2036,1307.546,58176.34144
2026-08-03 05:00:00,44.42,44.56,44.36,44.56,4006.799,178251.39631,2464,2578.048,114696.98161
2026-08-03 06:00:00,44.56,44.58,44.35,44.38,4030.288,179131.86988,2547,1441.028,64052.71947
2026-08-03 07:00:00,44.38,44.4,44.11,44.16,13673.49,605279.98607,5486,4756.832,210453.31642
2026-08-03 08:00:00,44.16,44.19,44.03,44.09,9871.207,435277.35732,4408,4043.058,178311.70786
2026-08-03 09:00:00,44.1,44.45,44.05,44.41,10175.112,449740.38638,4688,5304.815,234364.8284
2026-08-03 10:00:00,44.41,44.41,44.21,44.26,6387.22,282856.96771,2826,2631.406,116540.39357
2026-08-03 11:00:00,44.26,44.27,44.1,44.1,7754.574,342572.17377,3167,3041.592,134375.02262
2026-08-03 12:00:00,44.11,44.15,44.04,44.09,10314.492,454747.15438,3420,5060.796,223134.41207
2026-08-03 13:00:00,44.09,44.43,44.02,44.41,13926.224,615418.88967,7346,6764.255,299016.41346
2026-08-03 14:00:00,44.41,44.5,44.24,44.46,16707.758,741633.715,7484,5674.481,251910.74185
2026-08-03 15:00:00,44.45,44.48,44.24,44.28,15818.307,702374.02888,6557,8354.89,371014.50318
2026-08-03 16:00:00,44.28,44.46,44.16,44.24,8675.068,384203.85703,5698,4814.897,213230.58439
2026-08-03 17:00:00,44.24,44.38,44.14,44.16,4956.788,219311.48362,3846,2526.268,111771.13554
2026-08-03 18:00:00,44.16,44.25,44.09,44.24,7724.736,341101.08755,5060,4717.181,208308.45089
2026-08-03 19:00:00,44.24,44.37,44.2,44.32,5025.972,222649.84839,3003,3019.136,133754.72479
2026-08-03 20:00:00,44.32,44.51,44.31,44.5,5489.946,243929.33145,3426,2434.953,108184.62778
2026-08-03 21:00:00,44.5,44.51,44.34,44.34,4645.419,206409.49123,3139,2370.455,105324.94943
2026-08-03 22:00:00,44.34,44.36,44.16,44.21,3511.657,155252.16083,3597,1391.944,61539.32928
2026-08-03 23:00:00,44.21,44.31,44.17,44.3,4359.084,192801.38436,2620,1430.222,63283.4311
2026-08-04 00:00:00,44.3,44.33,44.14,44.18,4405.968,194889.58863,3610,2753.89,121829.24289
2026-08-04 01:00:00,44.18,44.39,44.07,44.36,4570.835,202205.09082,3626,2766.137,122350.51536
2026-08-04 02:00:00,44.36,44.5,44.26,44.35,2278.527,101066.3315,2241,1346.524,59728.92604
2026-08-04 03:00:00,44.35,44.42,44.23,44.37,2872.848,127355.29232,2368,1843.693,81730.10294
2026-08-04 04:00:00,44.38,44.56,44.36,44.45,3664.817,162900.69004,2650,2110.392,93813.82938
2026-08-04 05:00:00,44.45,44.51,44.37,44.5,2736.691,121561.65921,2125,1620.417,71984.56035
2026-08-04 06:00:00,44.51,44.58,44.31,44.34,8114.906,361030.20055,4152,4758.658,211762.76782
2026-08-04 07:00:00,44.34,44.34,44.05,44.3,8089.592,357533.37546,4341,4736.498,209369.20536
2026-08-04 08:00:00,44.3,44.34,44.19,44.21,3910.002,173008.86051,2209,2209.207,97766.89276
2026-08-04 09:00:00,44.2,44.37,44.19,44.31,7873.949,348586.73992,3448,3115.81,137963.34772
2026-08-04 10:00:00,44.3,44.37,44.2,44.3,5765.447,255234.08395,2975,2995.661,132623.72852
2026-08-04 11:00:00,44.3,44.43,44.21,44.36,13272.326,588416.17296,4289,5125.234,227203.5182
2026-08-04 12:00:00,44.36,44.43,44.22,44.28,7738.768,342927.74511,3675,3489.622,154689.84088
2026-08-04 13:00:00,44.28,44.4,44.15,44.2,21899.641,969657.54716,7707,14303.195,633358.10719
2026-08-04 14:00:00,44.2,44.54,44.14,44.5,15779.218,699723.62805,7092,9781.686,433931.59556
2026-08-04 15:00:00,44.5,44.55,44.24,44.38,10669.052,473751.91147,5847,5973.529,265276.00926
2026-08-04 16:00:00,44.38,44.65,44.37,44.64,13502.746,600938.43948,5931,6428.512,286168.47981
2026-08-04 17:00:00,44.64,44.78,44.53,44.54,11706.163,523060.36007,6366,6594.73,294763.3174
2026-08-04 18:00:00,44.53,44.86,44.53,44.75,8170.114,365275.17761,4581,4562.169,204066.74707
2026-08-04 19:00:00,44.75,44.87,44.67,44.71,5455.0,244231.0684,3044,3052.824,136711.91763
2026-08-04 20:00:00,44.7,44.99,44.57,44.88,10169.23,455810.79661,4841,5108.904,229014.94938
2026-08-04 21:00:00,44.88,44.97,44.82,44.96,9724.831,436690.49453,4213,4795.661,215379.31169
2026-08-04 22:00:00,44.96,44.99,44.86,44.96,11360.195,510493.26795,4244,8030.721,360906.31623
2026-08-04 23:00:00,44.96,45.17,44.82,44.85,12029.768,541395.9928,4634,6900.778,310653.00475
2026-08-05 00:00:00,44.84,45.14,44.83,45.11,13511.255,607937.19822,6225,8479.1,381493.65024
2026-08-05 01:00:00,45.11,45.3,45.04,45.26,7519.832,339604.75592,4496,3571.018,161228.46057
2026-08-05 02:00:00,45.25,45.31,45.09,45.29,7627.188,344662.81874,4152,4688.361,211889.33383
2026-08-05 03:00:00,45.29,45.35,44.74,44.83,10631.156,478050.00479,5367,2991.551,134581.95097
2026-08-05 04:00:00,44.83,44.89,44.74,44.87,3906.158,175017.39917,2198,2292.519,102722.62109
2026-08-05 05:00:00,44.88,45.03,44.87,45.01,3884.799,174689.37812,2400,1809.276,81366.41217
2026-08-05 06:00:00,45.01,45.03,44.85,44.9,6372.283,286365.41332,2644,1945.058,87440.48786
2026-08-05 07:00:00,44.9,44.97,44.83,44.9,6174.088,277096.24049,2916,3141.946,141011.33113
2026-08-05 08:00:00,44.9,44.96,44.84,44.88,6504.85,292065.99862,2928,3189.868,143251.98117
2026-08-05 09:00:00,44.88,45.0,44.84,44.92,6331.009,284382.94733,3137,3360.282,150964.5447
2026-08-05 10:00:00,44.93,45.05,44.73,44.78,14148.994,635031.91861,4546,5716.046,256633.13637
2026-08-05 11:00:00,44.78,44.9,44.74,44.76,6520.528,292242.54195,3051,2873.312,128815.60602
2026-08-05 12:00:00,44.76,45.04,44.74,45.01,8600.456,386171.17646,4984,4994.039,224287.11766
2026-08-05 13:00:00,45.0,45.21,44.82,45.04,14015.671,631258.72243,8660,7286.846,328306.17666
2026-08-05 14:00:00,45.03,45.21,44.96,45.2,10786.204,486377.05371,6561,4685.399,211298.89984
2026-08-05 15:00:00,45.2,45.27,44.94,45.01,10862.491,489752.9886,5579,5344.764,240890.34593
2026-08-05 16:00:00,45.01,45.29,45.01,45.19,6862.945,310077.12919,4073,3396.066,153460.07127
2026-08-05 17:00:00,45.2,45.44,45.16,45.38,5305.228,240258.84563,3886,2682.151,121508.03841
2026-08-05 18:00:00,45.38,45.4,45.26,45.36,8103.272,367241.68155,4305,3954.111,179253.625
2026-08-05 19:00:00,45.35,45.37,45.2,45.27,5927.188,268451.11976,3359,3241.272,146785.26382
2026-08-05 20:00:00,45.27,45.43,45.22,45.33,8619.606,390822.65498,3948,3021.944,137068.41894
2026-08-05 21:00:00,45.33,45.33,45.12,45.27,8648.476,391219.48583,3711,4644.405,210103.60025
2026-08-05 22:00:00,45.26,45.33,45.23,45.26,3950.987,178923.25532,2359,1945.565,88106.65638
2026-08-05 23:00:00,45.25,45.38,45.19,45.33,3850.539,174433.67258,2436,1813.779,82161.72937
2026-08-06 00:00:00,45.33,45.47,45.32,45.38,3885.563,176403.99978,2373,1877.894,85263.64771
2026-08-06 01:00:00,45.37,45.4,45.15,45.25,4245.017,192277.30968,2903,2217.378,100434.53601
2026-08-06 02:00:00,45.25,45.25,44.94,44.99,7354.577,331296.52913,4746,2757.89,124244.2321
2026-08-06 03:00:00,44.98,45.0,44.91,44.96,4342.456,195207.95946,2100,1337.376,60128.46059
2026-08-06 04:00:00,44.95,45.15,44.89,45.09,3198.709,144145.74737,2259,1464.02,65996.75529
2026-08-06 05:00:00,45.1,45.19,45.02,45.08,4212.133,189938.93716,2561,1895.698,85484.47597
2026-08-06 06:00:00,45.07,45.1,45.02,45.08,3712.222,167272.88852,1911,1761.716,79397.17119
2026-08-06 07:00:00,45.07,45.12,44.97,45.03,5351.635,241040.895,2845,2555.085,115098.85315
2026-08-06 08:00:00,45.04,45.14,44.97,45.11,6641.941,299227.6781,3259,2790.974,125776.11706
2026-08-06 09:00:00,45.11,45.14,44.93,44.98,9122.268,410730.9053,5310,3086.369,138964.2251
2026-08-06 10:00:00,44.98,45.0,44.87,44.9,8159.725,366778.76876,3342,3934.868,176897.644
2026-08-06 11:00:00,44.91,45.06,44.75,45.06,13067.023,586619.51382,4594,5711.416,256634.38125
2026-08-06 12:00:00,45.06,45.4,45.04,45.2,11438.393,517271.38354,5116,6397.846,289378.02704
2026-08-06 13:00:00,45.2,45.53,45.06,45.48,22762.872,1032363.76951,8292,14236.193,645941.81155
2026-08-06 14:00:00,45.48,45.61,45.35,45.56,10340.004,470418.80907,5451,5221.366,237556.33239
2026-08-06 15:00:00,45.56,45.77,45.55,45.71,11145.587,509074.70357,5992,6028.361,275328.65131
2026-08-06 16:00:00,45.71,45.78,45.59,45.75,8638.338,394570.54356,5972,4661.187,212913.46277
2026-08-06 17:00:00,45.74,45.85,45.64,45.65,7690.825,351710.33668,4467,3601.917,164755.98294
2026-08-06 18:00:00,45.65,45.69,45.39,45.52,6839.723,311335.98325,4675,3859.789,175689.10461
2026-08-06 19:00:00,45.51,45.55,45.37,45.39,5186.895,235818.55015,3427,2474.469,112526.15309
2026-08-06 20:00:00,45.4,45.59,45.4,45.52,6193.304,281890.74964,3688,3671.892,167159.00315
2026-08-06 21:00:00,45.52,45.68,45.5,45.54,4925.963,224503.41926,3172,2277.955,103822.57014
2026-08-06 22:00:00,45.53,45.55,45.41,45.46,4481.246,203808.34036,2844,2364.11,107532.27602
2026-08-06 23:00:00,45.47,45.47,45.34,45.45,3946.048,179213.40609,2192,2104.944,95609.84992
2026-08-07 00:00:00,45.46,45.6,45.39,45.57,7768.149,353550.60229,3497,4037.692,183846.36017
2026-08-07 01:00:00,45.57,45.69,45.56,45.63,5198.531,237221.41276,3214,2785.2,127099.40551
2026-08-07 02:00:00,45.63,45.71,45.53,45.53,4744.84,216487.44637,2862,2536.272,115728.49341
2026-08-07 03:00:00,45.54,45.64,45.45,45.49,5027.223,229032.15108,2728,3444.584,156933.24915
2026-08-07 04:00:00,45.49,45.52,45.33,45.43,5824.792,264702.34589,2924,2867.256,130286.37036
2026-08-07 05:00:00,45.43,45.52,45.36,45.49,2906.897,132110.12772,1981,1335.142,60674.83315
2026-08-07 06:00:00,45.49,45.65,45.47,45.57,6054.587,275832.57977,2745,2625.582,119614.58522
2026-08-07 07:00:00,45.57,45.71,45.52,45.58,5768.229,263312.51614,3196,3294.534,150432.42049
2026-08-07 08:00:00,45.59,45.85,45.58,45.84,4144.653,189496.29062,2422,2462.863,112614.11005
2026-08-07 09:00:00,45.83,45.97,45.71,45.75,8210.713,376209.81697,4056,3528.853,161714.66058
2026-08-07 10:00:00,45.75,45.84,45.69,45.71,9707.279,444240.92491,4083,4030.089,184448.62082
2026-08-07 11:00:00,45.7,45.87,45.67,45.7,12045.018,551322.23023,4677,3366.62,154135.65066
2026-08-07 12:00:00,45.71,46.02,45.66,45.8,17047.243,780728.12388,7826,7780.436,356410.01551
2026-08-07 13:00:00,45.8,45.87,45.69,45.73,8387.807,383899.68064,4624,4257.099,194868.13226
2026-08-07 14:00:00,45.72,45.81,45.6,45.64,9335.329,426666.73248,5458,3954.409,180722.27265
2026-08-07 15:00:00,45.64,46.06,45.59,45.96,21679.751,994711.60565,8961,14261.937,654791.07554
2026-08-07 16:00:00,45.96,46.07,45.84,45.84,11686.23,537178.73072,5343,5541.089,254766.1402
2026-08-07 17:00:00,45.84,45.86,45.42,45.47,12016.401,548336.17909,6026,3652.394,166744.12163
2026-08-07 18:00:00,45.46,45.51,45.38,45.45,8815.452,400606.32626,3409,3555.402,161572.15587
2026-08-07 19:00:00,45.45,45.57,45.28,45.39,11739.435,533309.54438,4471,4630.712,210350.40389
2026-08-07 20:00:00,45.39,45.56,45.37,45.54,7552.229,343442.45796,3235,4746.006,215829.17452
2026-08-07 21:00:00,45.54,45.65,45.47,45.48,7501.742,341778.46458,4210,3719.537,169483.458
2026-08-07 22:00:00,45.48,45.6,45.4,45.45,6003.089,272988.19668,2395,1958.919,89109.58709
2026-08-07 23:00:00,45.45,45.64,45.43,45.54,3623.22,164977.95472,1777,1931.846,87961.25589
2026-08-08 00:00:00,45.55,45.55,45.44,45.49,2753.75,125308.71423,1567,1518.149,69083.37298
2026-08-08 01:00:00,45.49,45.64,45.49,45.55,2596.729,118320.38432,1556,1230.811,56090.19362
2026-08-08 02:00:00,45.56,45.64,45.55,45.57,3120.162,142283.74182,1500,1879.516,85716.19271
2026-08-08 03:00:00,45.57,45.66,45.54,45.59,3014.392,137441.16211,1594,1535.189,70006.45915
2026-08-08 04:00:00,45.59,45.59,45.48,45.53,2539.64,115649.25607,1563,1100.482,50111.98255
2026-08-08 05:00:00,45.53,45.59,45.5,45.5,2795.655,127349.45985,1351,1431.095,65190.72855
2026-08-08 06:00:00,45.51,45.6,45.48,45.57,3247.327,147936.33246,1684,1596.91,72751.98785
2026-08-08 07:00:00,45.57,45.58,45.51,45.54,4502.555,205112.57483,2016,2821.397,128538.70198
2026-08-08 08:00:00,45.54,45.64,45.5,45.58,3116.195,141994.32542,1562,1383.638,63052.39703
2026-08-08 09:00:00,45.57,45.63,45.52,45.6,5487.319,250078.93712,2700,2704.107,123250.42846
2026-08-08 10:00:00,45.6,45.64,45.48,45.63,5214.001,237473.61719,2048,2721.491,123982.80307
2026-08-08 11:00:00,45.64,45.69,45.53,45.57,5112.833,233082.098,2154,2348.827,107101.07425
2026-08-08 12:00:00,45.57,45.67,45.5,45.63,3975.853,181314.34208,2249,1961.725,89462.00191
2026-08-08 13:00:00,45.63,45.66,45.59,45.66,3948.236,180152.90441,2010,1604.287,73211.56095
2026-08-08 14:00:00,45.66,45.85,45.62,45.79,7866.715,359857.6858,3086,4544.96,207915.24291
2026-08-08 15:00:00,45.79,45.91,45.74,45.88,4946.574,226604.72915,2571,2383.853,109235.54075
2026-08-08 16:00:00,45.88,45.91,45.77,45.82,5097.851,233670.26511,2616,2458.115,112688.00087
2026-08-08 17:00:00,45.82,45.9,45.79,45.88,5021.455,230230.96544,2211,2814.163,129034.96331
2026-08-08 18:00:00,45.87,45.98,45.85,45.95,8341.013,382916.92441,2968,5775.134,265143.295
2026-08-08 19:00:00,45.95,46.01,45.85,45.99,4685.603,215181.3023,1949,2479.442,113883.54742
2026-08-08 20:00:00,45.98,46.12,45.94,46.08,4705.938,216643.57094,2348,2373.482,109274.60056
2026-08-08 21:00:00,46.09,46.1,46.02,46.08,3998.547,184181.71578,2026,2110.736,97227.64925
2026-08-08 22:00:00,46.08,46.11,45.98,46.01,4942.222,227549.13764,2481,2835.037,130536.42517
2026-08-08 23:00:00,46.01,46.04,45.93,46.02,3365.605,154781.81076,1569,1441.856,66312.1515
2026-08-09 00:00:00,46.01,46.17,45.98,46.12,4862.371,224030.95426,2353,2453.305,113040.09908
2026-08-09 01:00:00,46.11,46.17,46.01,46.09,3230.643,148919.51731,1737,1486.065,68495.94718
2026-08-09 02:00:00,46.09,46.09,45.9,45.93,3970.552,182538.31127,1890,1900.555,87380.77975
2026-08-09 03:00:00,45.93,46.04,45.88,45.95,2354.354,108204.8227,1506,1340.162,61587.14523
2026-08-09 04:00:00,45.96,46.06,45.94,45.96,3957.294,182013.02021,1840,2599.889,119581.93914
2026-08-09 05:00:00,45.96,46.06,45.9,45.97,3517.964,161747.9014,1779,1882.556,86577.66249
2026-08-09 06:00:00,45.97,46.12,45.97,46.09,4378.997,201687.69235,1784,1738.681,80097.90702
2026-08-09 07:00:00,46.08,46.22,45.94,46.18,5515.039,254255.95009,2730,3136.937,144606.2935
2026-08-09 08:00:00,46.18,46.37,46.11,46.27,6572.583,303739.91829,3379,4261.584,196925.05432
2026-08-09 09:00:00,46.27,46.31,46.16,46.23,7062.266,326458.14879,2345,4141.249,191432.26936
2026-08-09 10:00:00,46.23,46.24,46.06,46.12,4526.64,208880.16135,2408,1890.098,87217.98406
2026-08-09 11:00:00,46.12,46.32,46.11,46.27,3155.795,145821.13899,1827,1639.686,75748.4707
2026-08-09 12:00:00,46.27,46.34,46.16,46.2,5863.41,271127.69174,2686,2583.012,119441.98815
2026-08-09 13:00:00,46.19,46.39,46.19,46.37,8838.961,409221.64326,3234,6053.608,280288.06765
2026-08-09 14:00:00,46.36,46.47,46.31,46.4,6251.122,289934.52343,3386,3599.986,166960.39545
2026-08-09 15:00:00,46.41,46.5,46.34,46.45,7245.844,336412.3253,2930,3259.831,151363.44141
2026-08-09 16:00:00,46.45,46.48,46.24,46.32,5830.701,270564.27297,2826,2923.615,135680.517
2026-08-09 17:00:00,46.32,46.34,46.18,46.2,7564.643,349754.0151,3674,3087.33,142759.79764
2026-08-09 18:00:00,46.21,46.26,46.18,46.25,5167.769,238891.18654,1938,1983.983,91715.47253
2026-08-09 19:00:00,46.24,46.24,46.13,46.15,6445.863,297707.7535,2419,2721.189,125707.551
2026-08-09 20:00:00,46.14,46.16,46.06,46.1,4462.11,205774.76635,1984,2090.177,96399.13132
2026-08-09 21:00:00,46.11,46.13,45.99,46.13,5452.027,251157.12065,2909,2804.552,129210.60204
2026-08-09 22:00:00,46.13,46.22,45.61,45.67,7775.353,356861.68885,4908,2960.151,135812.41627
2026-08-09 23:00:00,45.67,45.67,45.4,45.46,5517.9,251269.75896,3626,2639.422,120173.44303
2026-08-10 00:00:00,45.46,45.6,45.33,45.51,9860.534,448052.8422,5721,4599.236,208975.36069
2026-08-10 01:00:00,45.52,45.78,45.47,45.64,4613.774,210360.00823,3421,2531.277,115408.63143
2026-08-10 02:00:00,45.64,45.64,45.34,45.51,6373.815,289894.03962,4124,2712.605,123395.29574
2026-08-10 03:00:00,45.51,45.53,45.32,45.35,5531.679,251151.19205,2931,2131.538,96782.45945
2026-08-10 04:00:00,45.34,45.44,45.21,45.3,5878.917,266486.51846,3950,3859.437,174935.81667
2026-08-10 05:00:00,45.29,45.52,45.29,45.46,4092.947,186012.61124,2232,2455.987,111622.99189
2026-08-10 06:00:00,45.47,45.58,45.45,45.58,4843.926,220482.67509,2631,2869.356,130616.08944
2026-08-10 07:00:00,45.57,45.59,45.47,45.57,4140.427,188614.96133,2153,2649.853,120722.36383
2026-08-10 08:00:00,45.57,45.59,45.36,45.45,7028.791,319684.07351,3408,2865.357,130375.24092
2026-08-10 09:00:00,45.45,45.53,45.39,45.46,10640.459,483809.18469,3355,7010.918,318814.18626
2026-08-10 10:00:00,45.46,45.57,45.38,45.39,6919.42,314749.08306,2866,2868.476,130499.85565
2026-08-10 11:00:00,45.4,45.42,45.31,45.4,9890.928,448713.06916,3512,3669.137,166471.75831
2026-08-10 12:00:00,45.4,45.51,45.35,45.41,7717.03,350543.07911,3921,3531.519,160419.55165
2026-08-10 13:00:00,45.4,45.53,45.24,45.36,10486.915,476119.19066,6249,4945.951,224612.42864
2026-08-10 14:00:00,45.35,45.56,45.34,45.42,7705.305,350235.81597,4139,3688.732,167701.19869
2026-08-10 15:00:00,45.42,45.44,45.07,45.24,10598.488,479188.95161,6011,5170.075,233710.57297
2026-08-10 16:00:00,45.23,45.32,45.07,45.14,9616.575,434653.21829,4765,5830.919,263485.13213
2026-08-10 17:00:00,45.14,45.32,45.06,45.07,10165.273,459131.80304,4161,5782.418,261185.0378
2026-08-10 18:00:00,45.07,45.19,45.0,45.08,9724.148,438487.7013,4013,5253.268,236881.45863
2026-08-10 19:00:00,45.07,45.2,45.01,45.13,16269.304,733437.56646,5240,9109.996,410696.72591
2026-08-10 20:00:00,45.13,45.2,45.0,45.06,10905.279,491757.46603,2833,3250.264,146584.53227
2026-08-10 21:00:00,45.05,45.18,45.04,45.09,6504.655,293524.36421,2573,3516.467,158669.36361
2026-08-10 22:00:00,45.1,45.21,45.03,45.19,5415.656,244534.15236,2149,2579.637,116481.86195
2026-08-10 23:00:00,45.18,45.22,45.12,45.14,4533.959,204818.87893,1751,1963.287,88693.61636
2026-08-11 00:00:00,45.14,45.2,45.08,45.16,4377.635,197620.90712,2264,2566.952,115873.12667
2026-08-11 01:00:00,45.15,45.28,45.1,45.28,2410.066,108946.37535,1581,1526.846,69023.4865
2026-08-11 02:00:00,45.28,45.31,45.2,45.22,2201.535,99627.61223,1234,1002.283,45363.39222
2026-08-11 03:00:00,45.22,45.26,45.21,45.23,1826.328,82616.59716,931,1049.215,47465.91219
2026-08-11 04:00:00,45.23,45.25,45.16,45.17,2783.821,125824.39934,1026,1247.465,56388.8252
2026-08-11 05:00:00,45.16,45.2,45.05,45.11,2720.771,122792.54882,1325,1144.408,51645.70526
2026-08-11 06:00:00,45.11,45.22,45.04,45.11,3351.616,151233.50967,1917,1880.419,84855.02453
2026-08-11 07:00:00,45.11,45.2,45.01,45.17,7195.548,324514.56887,2482,4449.479,200686.00355
2026-08-11 08:00:00,45.16,45.29,45.13,45.28,6488.692,293203.45424,2671,2572.746,116275.28656
2026-08-11 09:00:00,45.27,45.58,45.27,45.58,8408.346,382065.86868,3570,4886.945,221997.30385
2026-08-11 10:00:00,45.57,45.57,45.4,45.47,5800.991,263690.02413,2560,3003.505,136509.51885
2026-08-11 11:00:00,45.46,45.52,45.36,45.48,5376.826,244482.71518,2428,2802.845,127442.78739
2026-08-11 12:00:00,45.49,45.49,45.32,45.37,8130.588,368916.11173,3369,3296.793,149574.11678
2026-08-11 13:00:00,45.36,45.47,45.02,45.04,10858.875,492260.68936,5906,4351.538,197284.50231
2026-08-11 14:00:00,45.04,45.16,44.93,45.05,17801.886,801806.26628,6880,10098.593,454887.01336
2026-08-11 15:00:00,45.04,45.18,44.93,45.04,15599.016,702700.76919,6202,8899.427,400905.12311
2026-08-11 16:00:00,45.04,45.19,45.01,45.06,9170.703,413548.94839,3897,4384.516,197666.20973
2026-08-11 17:00:00,45.06,45.33,45.05,45.28,10083.587,455988.51734,3571,6420.152,290299.07027
2026-08-11 18:00:00,45.27,45.43,45.19,45.39,11577.093,524667.11464,4437,6668.337,302156.47898
2026-08-11 19:00:00,45.39,45.53,45.31,45.51,9349.358,424503.61116,3690,5763.777,261721.40513
2026-08-11 20:00:00,45.51,45.56,45.45,45.49,4457.493,202877.25962,2833,1980.834,90167.24074
2026-08-11 21:00:00,45.5,45.55,45.43,45.51,4647.461,211378.60533,2605,1993.244,90664.59667
2026-08-11 22:00:00,45.5,45.57,45.42,45.48,3863.378,175755.56612,2375,1930.281,87811.54255
2026-08-11 23:00:00,45.48,45.57,45.45,45.5,2296.986,104528.19135,1557,1053.621,47950.13483
2026-08-12 00:00:00,45.51,45.59,45.46,45.55,3261.292,148446.16075,2132,1728.462,78673.39309
2026-08-12 01:00:00,45.55,45.61,45.44,45.45,5520.309,251522.54098,3038,1990.072,90666.41081
2026-08-12 02:00:00,45.46,45.47,45.39,45.44,3110.825,141335.0485,1611,1406.995,63927.44439
2026-08-12 03:00:00,45.44,45.46,45.35,45.38,3630.824,164878.10279,1915,2188.952,99402.0673
2026-08-12 04:00:00,45.37,45.43,45.3,45.41,2801.005,127058.42688,1655,1753.173,79527.5741
2026-08-12 05:00:00,45.41,45.45,45.27,45.32,6798.855,308396.29151,2342,1674.439,75937.34618
2026-08-12 06:00:00,45.32,45.38,45.25,45.31,4205.2,190557.01995,2404,1850.955,83869.30715
2026-08-12 07:00:00,45.3,45.35,45.2,45.3,5231.282,236898.48165,2215,2793.578,126528.72532
2026-08-12 08:00:00,45.29,45.38,45.25,45.29,5255.929,238180.62748,2254,2577.15,116805.75548
2026-08-12 09:00:00,45.29,45.48,45.27,45.47,9677.176,439201.35442,3746,5861.422,266040.40106
2026-08-12 10:00:00,45.47,45.53,45.39,45.43,7778.833,353554.35497,3068,4484.03,203813.95082
2026-08-12 11:00:00,45.43,45.48,45.35,45.45,6534.372,296674.06944,2731,2544.092,115527.73702
2026-08-12 12:00:00,45.45,45.67,45.28,45.49,20691.821,941464.1086,7193,10228.965,465667.21
2026-08-12 13:00:00,45.5,45.66,45.43,45.59,10607.904,482909.48936,5412,5912.577,269161.24195
2026-08-12 14:00:00,45.59,45.61,44.99,45.01,22837.793,1031298.30019,7929,11790.247,531993.70838
2026-08-12 15:00:00,45.0,45.19,44.96,45.07,12637.246,569662.34847,4625,7877.901,355083.23661
2026-08-12 16:00:00,45.07,45.15,45.05,45.15,8167.537,368422.92832,3227,4550.084,205261.73746
2026-08-12 17:00:00,45.14,45.23,45.03,45.18,12093.996,545692.37141,3408,4520.259,204069.64108
2026-08-12 18:00:00,45.18,45.18,45.02,45.1,11602.799,523156.37431,2949,4528.83,204190.65918
2026-08-12 19:00:00,45.09,45.15,44.67,44.79,20965.627,940726.70396,5119,13379.165,600329.89796
2026-08-12 20:00:00,44.78,44.89,44.72,44.83,9302.562,416997.61529,3214,5630.412,252409.14999
2026-08-12 21:00:00,44.84,44.97,44.7,44.83,13992.706,627528.80873,4007,8482.322,380523.9456
2026-08-12 22:00:00,44.82,44.95,44.78,44.87,9092.501,408079.10826,2681,5781.039,259451.42002
2026-08-12 23:00:00,44.87,44.96,44.8,44.89,6250.018,280540.57295,2618,2622.711,117758.98214
2026-08-13 00:00:00,44.89,45.0,44.83,44.83,5471.211,245667.35997,3091,3373.108,151467.60324
2026-08-13 01:00:00,44.83,44.89,44.7,44.87,4852.331,217408.00807,2264,1985.907,88988.82021
2026-08-13 02:00:00,44.87,44.9,44.8,44.9,2127.076,95373.62472,1463,1146.177,51392.91351
2026-08-13 03:00:00,44.9,44.98,44.87,44.97,3676.795,165185.56241,1706,1899.275,85347.66151
2026-08-13 04:00:00,44.97,44.97,44.9,44.92,3527.768,158521.24331,1547,2186.067,98234.81797
2026-08-13 05:00:00,44.92,45.08,44.87,45.05,7941.975,357287.34113,2800,4679.326,210547.93944
2026-08-13 06:00:00,45.05,45.07,44.97,45.03,3725.617,167705.85523,1930,1779.039,80084.74982
2026-08-13 07:00:00,45.03,45.03,44.88,44.89,4115.081,184979.36828,1571,2111.07,94899.3907
2026-08-13 08:00:00,44.89,44.91,44.83,44.88,5127.7,230093.24103,1915,2569.089,115296.63751
2026-08-13 09:00:00,44.88,44.97,44.85,44.96,5608.406,251879.11982,2107,2856.086,128279.41679
2026-08-13 10:00:00,44.97,44.97,44.82,44.86,5367.685,240950.99677,2453,3144.611,141166.73933
2026-08-13 11:00:00,44.86,44.87,44.68,44.71,5801.894,259714.34026,2234,2190.952,98051.32753
2026-08-13 12:00:00,44.7,44.91,44.67,44.89,9351.425,419152.20502,4089,4965.349,222576.02195
2026-08-13 13:00:00,44.89,45.03,44.72,44.74,8118.051,364443.63963,4179,3804.662,170813.20097
2026-08-13 14:00:00,44.74,44.95,44.66,44.88,9774.636,438380.46178,3841,4871.106,218422.41101
2026-08-13 15:00:00,44.88,44.94,44.72,44.72,6956.203,312052.19141,3181,3198.381,143479.61387
2026-08-13 16:00:00,44.72,44.86,44.7,44.77,8044.587,360194.75464,4506,4445.385,199057.30699
2026-08-13 17:00:00,44.76,44.83,44.7,44.76,6271.033,280699.8489,3221,3341.432,149570.89724
2026-08-13 18:00:00,44.76,44.77,44.63,44.72,7347.207,328427.02183,3267,3573.547,159737.20371
2026-08-13 19:00:00,44.72,44.78,44.67,44.77,8262.058,369656.84515,2592,3804.176,170208.59954
2026-08-13 20:00:00,44.77,44.8,44.73,44.76,5818.982,260468.3849,2048,3239.879,145034.46902
2026-08-13 21:00:00,44.76,44.78,44.7,44.72,6949.057,310921.37149,2204,3555.952,159119.02423
2026-08-13 22:00:00,44.72,44.87,44.71,44.85,10152.436,454671.02718,3858,6123.967,274269.71425
2026-08-13 23:00:00,44.85,44.87,44.75,44.82,6571.376,294483.28877,2434,4183.702,187477.3446
2026-08-14 00:00:00,44.82,44.87,44.73,44.74,4806.307,215314.14657,2125,1909.481,85544.9711
2026-08-14 01:00:00,44.74,44.81,44.71,44.79,4907.619,219731.70071,2160,3192.3,142931.60882
2026-08-14 02:00:00,44.79,44.87,44.76,44.85,4674.874,209483.04952,2051,2087.682,93561.05237
2026-08-14 03:00:00,44.85,44.94,44.81,44.82,4115.52,184710.90051,1787,1873.305,84087.7897
2026-08-14 04:00:00,44.82,44.84,44.76,44.77,3294.548,147600.34946,1482,1618.163,72496.42246
2026-08-14 05:00:00,44.76,44.82,44.71,44.8,3647.556,163281.63225,1370,1554.065,69567.92092
2026-08-14 06:00:00,44.8,44.81,44.71,44.73,3735.691,167193.34781,1811,1788.407,80053.63501
2026-08-14 07:00:00,44.72,44.74,44.6,44.65,4606.15,205833.40429,2002,1813.865,81073.82195
2026-08-14 08:00:00,44.65,44.68,44.49,44.63,7699.976,343194.54221,3307,4048.321,180449.49614
2026-08-14 09:00:00,44.63,44.76,44.61,44.68,7505.547,335372.52131,2928,5218.595,233189.47065
2026-08-14 10:00:00,44.67,44.71,44.52,44.55,5567.614,248420.41378,2449,2534.835,113112.21318
2026-08-14 11:00:00,44.55,44.6,44.49,44.56,5889.004,262386.28465,2325,3227.497,143798.69275
2026-08-14 12:00:00,44.57,44.58,44.35,44.41,10945.275,486575.1945,3707,5208.301,231444.6833
2026-08-14 13:00:00,44.41,44.51,44.19,44.21,10321.152,457922.94064,4029,4853.919,215339.9211
2026-08-14 14:00:00,44.22,44.29,43.98,44.0,17223.685,759842.7874,5081,8124.468,358427.35954
2026-08-14 15:00:00,43.99,44.01,43.73,43.93,14731.433,646009.23785,5837,7528.072,330086.2991
2026-08-14 16:00:00,43.93,44.08,43.83,44.07,16065.736,706149.45097,4639,8406.439,369526.94857
2026-08-14 17:00:00,44.08,44.14,43.8,43.84,24151.808,1061972.77719,6174,10152.305,446394.36064
2026-08-14 18:00:00,43.84,44.01,43.71,43.72,13538.093,594343.61084,4773,8980.649,394319.98981
2026-08-14 19:00:00,43.72,43.75,43.39,43.64,24507.188,1067049.21825,6283,13925.457,606181.11567
2026-08-14 20:00:00,43.64,43.72,43.54,43.55,9363.976,408612.03712,3313,4874.502,212723.86357
2026-08-14 21:00:00,43.55,43.67,43.53,43.59,6833.655,298001.87555,2638,4004.986,174664.49817
2026-08-14 22:00:00,43.58,43.68,43.57,43.62,4704.275,205238.73646,2440,2397.448,104601.25743
2026-08-14 23:00:00,43.62,43.86,43.62,43.86,8310.542,363271.9493,2891,4775.175,208746.29414
2026-08-15 00:00:00,43.86,43.91,43.69,43.69,5785.539,253339.77559,2696,3386.111,148268.20133
2026-08-15 01:00:00,43.7,43.88,43.67,43.86,7716.869,338089.67494,2726,5596.729,245226.24094
2026-08-15 02:00:00,43.86,44.03,43.79,44.03,3710.289,162929.46426,2139,2012.085,88353.85294
2026-08-15 03:00:00,44.03,44.06,43.87,44.0,5862.713,257849.86897,2828,2467.093,108499.60728
2026-08-15 04:00:00,44.0,44.13,44.0,44.02,6337.099,279238.34648,2730,2995.443,131990.08951
2026-08-15 05:00:00,44.03,44.11,43.99,44.0,3057.874,134665.27382,1675,1635.78,72043.37896
2026-08-15 06:00:00,44.01,44.12,43.99,44.09,7648.718,337038.54488,2616,5099.541,224739.76187
2026-08-15 07:00:00,44.1,44.11,44.01,44.01,4403.156,194027.73616,2446,2603.317,114735.72784
2026-08-15 08:00:00,44.02,44.05,43.93,43.98,6405.773,281788.3066,2240,2664.304,117221.43138
2026-08-15 09:00:00,43.98,44.07,43.95,44.07,4439.593,195454.74294,1895,2611.767,114981.35861
2026-08-15 10:00:00,44.06,44.12,44.04,44.08,4519.17,199160.45063,1843,2148.392,94690.77244
2026-08-15 11:00:00,44.08,44.11,43.98,44.05,5938.247,261575.17404,2220,2023.252,89130.18468
2026-08-15 12:00:00,44.05,44.14,44.04,44.14,5079.36,223952.99243,2250,2596.921,114510.1899
2026-08-15 13:00:00,44.13,44.17,44.11,44.16,4960.641,218963.69731,2184,2733.041,120642.47882
2026-08-15 14:00:00,44.16,44.2,44.05,44.13,5289.849,233518.34912,2110,2441.008,107770.05437
2026-08-15 15:00:00,44.12,44.29,44.1,44.26,4546.561,200995.99594,2186,2001.069,88459.65602
2026-08-15 16:00:00,44.27,44.3,44.14,44.16,4752.407,210063.84083,1943,1752.595,77494.3969
2026-08-15 17:00:00,44.15,44.25,44.04,44.23,9546.987,421559.97285,3075,4628.24,204472.45949
2026-08-15 18:00:00,44.22,44.32,44.15,44.27,9167.276,405510.69331,2677,5977.629,264447.99432
2026-08-15 19:00:00,44.27,44.34,44.24,44.25,6753.443,299120.07816,2250,2772.919,122832.42522
2026-08-15 20:00:00,44.25,44.26,44.15,44.2,5758.341,254559.99194,1867,3105.036,137259.88062
2026-08-15 21:00:00,44.2,44.21,44.07,44.1,4774.401,210623.6758,1784,2497.839,110185.45428
2026-08-15 22:00:00,44.1,44.2,44.09,44.16,3437.162,151769.84836,1223,2082.293,91943.43392
2026-08-15 23:00:00,44.15,44.16,44.05,44.12,4104.677,181060.43745,1945,2010.507,88689.76148
2026-08-16 00:00:00,44.11,44.23,44.1,44.21,3095.662,136709.96919,1886,1583.875,69948.72837
2026-08-16 01:00:00,44.2,44.26,44.17,44.24,2412.187,106671.78643,1215,998.294,44139.88583
2026-08-16 02:00:00,44.24,44.32,44.21,44.28,3004.22,132956.19528,1472,1139.345,50434.97362
2026-08-16 03:00:00,44.28,44.33,44.24,44.25,2848.042,126174.40294,1338,1132.924,50197.15796
2026-08-16 04:00:00,44.24,44.31,44.23,44.26,1761.318,77971.86426,1060,970.866,42980.79969
2026-08-16 05:00:00,44.26,44.29,44.16,44.17,3337.981,147631.5193,1276,1801.395,79675.19694
2026-08-16 06:00:00,44.18,44.23,44.15,44.23,3134.086,138491.60589,1413,1527.496,67502.20909
2026-08-16 07:00:00,44.23,44.32,44.2,44.3,2962.452,131131.59534,1442,1744.906,77244.94914
2026-08-16 08:00:00,44.3,44.4,44.3,44.4,3068.842,136125.36756,1302,1555.595,69004.6406
2026-08-16 09:00:00,44.4,44.42,44.37,44.41,3577.851,158858.43236,1537,1861.239,82646.78191
2026-08-16 10:00:00,44.41,44.42,44.33,44.36,3155.057,139984.02665,1362,1479.062,65629.17896
2026-08-16 11:00:00,44.37,44.42,44.32,44.42,5204.917,230978.36136,1856,2680.723,119002.89956
2026-08-16 12:00:00,44.41,44.41,44.27,44.32,4986.229,221110.98404,1932,2264.787,100426.10142
2026-08-16 13:00:00,44.32,44.33,44.24,44.32,2547.55,112835.41523,1462,1510.389,66905.4272
2026-08-16 14:00:00,44.31,44.38,44.29,44.37,3806.724,168780.02413,1797,2009.672,89115.14663
2026-08-16 15:00:00,44.36,44.82,44.36,44.73,14876.66,664240.09842,5286,8724.92,389437.85327
2026-08-16 16:00:00,44.73,44.76,44.53,44.56,7856.798,350495.03536,3681,4013.54,179013.17517
2026-08-16 17:00:00,44.57,44.58,44.48,44.51,6606.761,294223.50941,2515,4140.044,184380.89065
2026-08-16 18:00:00,44.51,44.54,44.46,44.5,3463.494,154163.80229,1856,1778.194,79146.8524
2026-08-16 19:00:00,44.49,44.6,44.49,44.55,7167.18,319278.94912,2680,3716.29,165544.96916
2026-08-16 20:00:00,44.55,44.6,44.46,44.47,4462.048,198756.49253,2335,2545.477,113390.52442
2026-08-16 21:00:00,44.47,44.47,44.06,44.17,8996.607,398205.75183,4121,4072.835,180212.71244
2026-08-16 22:00:00,44.16,44.19,44.05,44.13,4458.494,196707.51359,2783,2006.563,88528.58601
2026-08-16 23:00:00,44.13,44.25,44.11,44.16,6848.095,302634.70193,2954,2949.864,130398.09346
2026-08-17 00:00:00,44.16,44.19,44.1,44.16,3145.188,138833.0757,2185,1524.036,67272.45858
2026-08-17 01:00:00,44.15,44.39,44.13,44.32,2909.58,128938.17231,2418,1450.949,64295.20778
2026-08-17 02:00:00,44.33,44.48,44.27,44.43,4844.978,215024.09642,2533,2424.175,107574.23578
2026-08-17 03:00:00,44.43,44.45,44.24,44.26,6324.43,280361.78664,2728,2199.853,97576.04232
2026-08-17 04:00:00,44.25,44.32,44.25,44.27,3140.513,139070.05303,1899,1685.488,74642.55823
2026-08-17 05:00:00,44.27,44.32,44.24,44.25,4370.782,193523.38765,2006,1904.38,84321.31726
2026-08-17 06:00:00,44.26,44.32,44.18,44.19,6977.806,308774.91303,3060,3437.751,152154.87869
2026-08-17 07:00:00,44.2,44.21,44.12,44.13,6669.62,294520.96603,2891,4090.102,180629.05424
2026-08-17 08:00:00,44.14,44.14,43.84,43.88,17455.871,767279.68584,5150,7950.234,349370.93477
2026-08-17 09:00:00,43.87,44.11,43.84,44.02,10642.544,468117.35664,3678,4738.034,208430.0964
2026-08-17 10:00:00,44.01,44.25,43.98,44.18,12171.988,536921.7831,3845,6964.196,307273.29891
2026-08-17 11:00:00,44.18,44.27,44.17,44.22,4575.635,202326.10412,2112,2342.032,103570.92297
2026-08-17 12:00:00,44.21,44.24,44.15,44.19,5232.114,231306.60409,2339,2971.497,131374.93898
2026-08-17 13:00:00,44.19,44.42,44.18,44.29,14489.835,642045.69459,4308,6321.752,280128.36709
2026-08-17 14:00:00,44.29,44.5,44.27,44.5,8285.59,367556.60124,3244,4144.187,183861.29092
2026-08-17 15:00:00,44.49,44.5,44.33,44.35,8643.972,383712.45447,3443,4708.093,209003.99258
2026-08-17 16:00:00,44.34,44.57,44.33,44.53,13514.202,601278.80781,3814,6819.658,303491.46104
2026-08-17 17:00:00,44.53,44.64,44.41,44.54,16304.123,726303.07815,5236,7965.323,354866.7906
2026-08-17 18:00:00,44.55,44.66,44.49,44.64,10871.508,484859.718,4500,6357.677,283551.66017
2026-08-17 19:00:00,44.64,44.65,44.48,44.5,5813.214,259062.7712,2277,3194.164,142361.98716
2026-08-17 20:00:00,44.49,44.6,44.43,44.56,7404.575,329431.57982,2099,3748.523,166767.72515
2026-08-17 21:00:00,44.57,44.63,44.55,44.56,3746.135,167048.33329,1642,2062.362,91975.62933
2026-08-17 22:00:00,44.57,44.6,44.42,44.45,4752.461,211554.43629,2006,2719.457,121053.19974
2026-08-17 23:00:00,44.46,44.6,44.42,44.57,5539.871,246565.76946,2190,3115.876,138698.16146
2026-08-18 00:00:00,44.57,44.65,44.53,44.64,3823.808,170511.92407,2060,2292.644,102228.59465
2026-08-18 01:00:00,44.64,44.65,44.42,44.47,5329.834,237368.06847,1974,3161.607,140769.67139
2026-08-18 02:00:00,44.48,44.54,44.15,44.19,12234.32,542920.62821,3648,4051.237,179725.71396
2026-08-18 03:00:00,44.19,44.36,44.17,44.33,7124.982,315285.07035,2998,3115.869,137903.80008
2026-08-18 04:00:00,44.33,44.39,44.27,44.33,3362.501,149049.80295,1533,1848.562,81946.43704
2026-08-18 05:00:00,44.33,44.36,44.2,44.27,6250.412,276703.29238,2047,1774.892,78598.31687
2026-08-18 06:00:00,44.27,44.6,44.24,44.55,5230.048,232298.60253,2545,2749.458,122137.41384
2026-08-18 07:00:00,44.54,44.61,44.49,44.53,6150.374,273978.52012,2535,3015.829,134369.5829
2026-08-18 08:00:00,44.52,44.62,44.44,44.6,7347.434,327314.09547,3023,3944.259,175729.06243
2026-08-18 09:00:00,44.6,44.7,44.5,44.61,8844.256,394330.04973,3271,4100.406,182836.8693
2026-08-18 10:00:00,44.61,44.63,44.49,44.49,6209.724,276849.0741,2316,2415.463,107694.26161
2026-08-18 11:00:00,44.49,44.61,44.49,44.56,6180.032,275339.52072,2372,3151.05,140395.9637
2026-08-18 12:00:00,44.57,44.6,44.5,44.55,7540.426,335959.00324,2980,4245.827,189183.67159
2026-08-18 13:00:00,44.54,44.61,44.4,44.45,10069.992,448457.72107,3855,3562.117,158659.97096
2026-08-18 14:00:00,44.46,44.75,44.37,44.4,10680.716,475905.14265,5293,4881.408,217525.6475
2026-08-18 15:00:00,44.4,44.43,44.18,44.22,15766.189,698592.97311,5278,7656.543,339294.66062
2026-08-18 16:00:00,44.21,44.47,44.2,44.44,7085.371,314100.41948,3756,4144.401,183725.18633
2026-08-18 17:00:00,44.44,44.44,44.27,44.32,5283.259,234173.38689,2796,2351.394,104213.18472
2026-08-18 18:00:00,44.32,44.54,44.31,44.54,6729.852,299054.20233,2869,4253.319,189027.00251
2026-08-18 19:00:00,44.54,44.61,44.5,44.54,6488.705,289131.45616,2377,2874.912,128098.88934
2026-08-18 20:00:00,44.53,44.61,44.45,44.6,10310.04,459167.41547,3782,5249.465,233845.89769
2026-08-18 21:00:00,44.6,44.62,44.47,44.48,9658.597,430347.0794,3378,3998.821,178191.75606
2026-08-18 22:00:00,44.49,44.49,44.33,44.37,5240.219,232754.92751,2177,1876.723,83367.56187
2026-08-18 23:00:00,44.37,44.63,44.27,44.38,10404.586,462610.69147,3887,5692.924,253102.62403
2026-08-19 00:00:00,44.39,44.45,44.35,44.37,4911.292,218018.98499,2196,2807.014,124614.83325
2026-08-19 01:00:00,44.37,44.47,44.35,44.44,3005.998,133499.78371,1619,1397.628,62071.70328
2026-08-19 02:00:00,44.43,44.44,44.34,44.4,3615.974,160530.83983,1923,2023.489,89838.35556
2026-08-19 03:00:00,44.4,44.57,44.38,44.4,3561.267,158396.4157,2022,1574.496,70015.30473
2026-08-19 04:00:00,44.39,44.45,44.37,44.4,4185.616,185886.57079,1637,2117.363,94027.97969
2026-08-19 05:00:00,44.4,44.48,44.39,44.41,4704.666,209112.74603,1881,2081.575,92503.05854
2026-08-19 06:00:00,44.42,44.55,44.4,44.52,6378.967,283868.62434,2047,3714.173,165282.70517
2026-08-19 07:00:00,44.52,44.6,44.49,44.52,5945.196,264839.13592,2504,3228.138,143814.1042
2026-08-19 08:00:00,44.52,45.0,44.49,44.97,23576.886,1056119.13631,6887,14299.106,640492.68137
2026-08-19 09:00:00,44.97,45.07,44.87,44.89,10938.113,492118.26638,4872,4474.974,201342.54613
2026-08-19 10:00:00,44.9,44.9,44.78,44.89,4965.518,222591.36837,2333,2707.617,121386.48493
2026-08-19 11:00:00,44.89,45.0,44.77,44.83,10995.309,493346.59345,3510,5317.281,238589.50474
2026-08-19 12:00:00,44.83,45.0,44.81,44.92,9267.489,416010.35973,4298,4426.022,198689.25152
2026-08-19 13:00:00,44.91,45.06,44.87,44.95,11566.791,520005.79922,4360,4944.052,222273.17386
2026-08-19 14:00:00,44.96,45.4,44.94,45.31,17910.874,808370.16234,7461,10981.362,495641.43697
2026-08-19 15:00:00,45.31,46.19,45.2,45.7,64390.403,2947429.01494,25099,32448.763,1484312.74116
2026-08-19 16:00:00,45.7,45.94,45.65,45.83,20335.785,931415.82532,9782,9941.459,455410.79652
2026-08-19 17:00:00,45.83,45.85,45.56,45.75,11526.855,526723.63612,6093,5432.768,248256.55557
2026-08-19 18:00:00,45.75,45.91,45.65,45.9,9612.64,440093.73397,5168,5535.926,253461.64218
2026-08-19 19:00:00,45.89,46.07,45.8,46.04,9848.854,452541.36311,5048,6012.945,276281.70993
2026-08-19 20:00:00,46.04,46.89,46.03,46.62,31270.978,1450388.13969,12277,17377.855,806520.14216
2026-08-19 21:00:00,46.63,47.23,46.32,47.14,53828.073,2525463.40548,24601,26523.099,1245130.67682
2026-08-19 22:00:00,47.15,47.24,46.46,46.65,24386.827,1138854.01247,12964,14558.532,679730.68041
2026-08-19 23:00:00,46.64,46.8,46.5,46.8,10585.372,493667.25256,6577,7114.372,331774.80558
2026-08-20 00:00:00,46.8,47.29,46.79,47.09,11010.569,517933.72585,7121,6063.704,285318.24207
2026-08-20 01:00:00,47.1,47.19,46.87,47.1,8166.719,383774.81997,5621,2787.821,131085.32805
2026-08-20 02:00:00,47.1,47.12,46.77,46.79,5318.062,249924.75394,3487,1926.246,90521.73653
2026-08-20 03:00:00,46.78,46.83,46.48,46.75,11568.187,539713.13667,5227,6253.006,291700.42365
2026-08-20 04:00:00,46.76,46.95,46.72,46.89,8995.167,421511.35847,3536,4685.146,219543.22103
2026-08-20 05:00:00,46.89,46.92,46.74,46.81,4447.38,208349.53848,2964,2706.29,126783.35576
2026-08-20 06:00:00,46.81,47.06,46.74,46.99,8543.246,400620.51855,4785,4284.339,201008.06705
2026-08-20 07:00:00,46.98,47.0,46.69,46.85,7337.147,343927.44969,3655,3398.414,159243.80988
2026-08-20 08:00:00,46.85,47.67,46.83,47.55,22040.588,1044485.38462,11530,13072.088,619467.27927
2026-08-20 09:00:00,47.55,47.71,47.15,47.2,28350.361,1344656.34943,10910,12762.943,605851.87975
2026-08-20 10:00:00,47.2,47.59,47.16,47.38,14685.603,696287.20016,6721,9172.116,434991.15462
2026-08-20 11:00:00,47.38,47.58,47.25,47.37,11824.618,560676.05105,6471,6337.055,300426.50754
2026-08-20 12:00:00,47.37,47.5,47.12,47.46,11262.032,532826.24724,7756,5072.969,240009.39606
2026-08-20 13:00:00,47.47,47.55,47.11,47.41,16859.322,797683.16844,9983,7847.475,371403.10691
2026-08-20 14:00:00,47.41,47.81,47.34,47.79,16339.84,775830.51897,9276,8912.41,423260.95363
2026-08-20 15:00:00,47.79,48.24,47.61,48.03,35940.273,1721651.13823,15441,21999.561,1054190.9891
2026-08-20 16:00:00,48.03,48.56,47.7,48.5,23630.785,1136654.74484,12362,13417.219,646332.70713
2026-08-20 17:00:00,48.51,48.57,48.09,48.32,29934.312,1447139.08378,13082,12798.859,618769.37148
2026-08-20 18:00:00,48.32,48.6,47.87,48.03,41972.116,2024409.85694,15721,17395.772,839136.42149
2026-08-20 19:00:00,48.04,48.21,47.75,47.84,15238.856,731401.15745,7869,7383.357,354326.97693
2026-08-20 20:00:00,47.84,48.26,47.77,48.09,12429.621,596834.76603,7092,5295.858,254372.39119
2026-08-20 21:00:00,48.1,48.22,48.02,48.14,11033.103,530950.50903,4788,5517.118,265522.22398
2026-08-20 22:00:00,48.13,48.14,47.77,47.83,9234.68,442878.77563,5181,4182.98,200560.29776
2026-08-20 23:00:00,47.84,48.12,47.68,47.82,11991.459,574195.34527,6141,6389.705,305953.42084
2026-08-21 00:00:00,47.81,48.22,47.77,47.96,11686.612,561120.91981,7916,6736.183,323454.41901
2026-08-21 01:00:00,47.96,48.53,47.94,48.4,20837.176,1005639.70321,12185,11850.235,572098.25002
2026-08-21 02:00:00,48.41,48.44,48.09,48.09,9484.723,457399.62808,6299,5105.049,246269.6043
2026-08-21 03:00:00,48.09,48.47,47.97,48.32,14457.657,696647.91801,7049,8696.304,419188.48471
2026-08-21 04:00:00,48.33,48.75,48.33,48.74,23923.051,1160734.05825,9119,14197.458,688924.60226
2026-08-21 05:00:00,48.73,48.88,48.5,48.66,19328.617,941438.74391,9454,8910.315,434063.74113
2026-08-21 06:00:00,48.67,48.98,48.53,48.86,19474.848,950165.70238,8793,9347.664,456018.67682
2026-08-21 07:00:00,48.86,49.98,48.81,49.66,46892.641,2316067.68818,21083,24788.204,1224754.32411
2026-08-21 08:00:00,49.67,51.49,49.66,51.48,80961.651,4099559.81631,35187,42426.284,2148155.82499
2026-08-21 09:00:00,51.49,51.53,49.69,50.7,91325.766,4603084.03981,47603,51909.694,2617764.44828
2026-08-21 10:00:00,50.7,51.01,50.4,50.89,30489.608,1545015.60563,16449,18009.857,912574.25851
2026-08-21 11:00:00,50.88,51.04,49.97,50.21,34432.687,1738047.19854,22715,14830.127,749308.17984
2026-08-21 12:00:00,50.21,50.8,50.12,50.57,28008.898,1414431.64085,15380,11500.504,581078.86589
2026-08-21 13:00:00,50.58,50.95,50.17,50.91,21506.755,1087848.21372,15456,11036.455,558234.33631
2026-08-21 14:00:00,50.92,51.53,50.54,51.49,26470.219,1350815.3278,16631,11841.287,604069.35116
2026-08-21 15:00:00,51.5,52.07,51.44,51.83,37847.003,1960159.15696,22643,17903.439,927149.91397
2026-08-21 16:00:00,51.84,52.23,51.1,51.82,43553.483,2249547.60819,23375,22506.327,1162638.23296
2026-08-21 17:00:00,51.83,52.04,51.22,51.9,28588.546,1478306.98219,17471,14608.831,755270.79067
2026-08-21 18:00:00,51.9,52.1,51.45,51.64,30170.904,1560348.29959,13281,9733.857,503996.41451
2026-08-21 19:00:00,51.64,52.36,51.29,51.64,30286.8,1567646.80314,15819,13289.763,688774.08369
2026-08-21 20:00:00,51.64,52.4,51.44,52.38,21939.271,1142436.55417,14650,11728.032,610856.45233
2026-08-21 21:00:00,52.37,52.8,52.05,52.68,31935.099,1675288.31192,18094,19821.877,1040085.40258
2026-08-21 22:00:00,52.68,54.19,52.51,53.79,66191.337,3532910.28486,35545,38940.463,2080002.11368
2026-08-21 23:00:00,53.8,53.95,52.93,53.17,28184.638,1507373.6001,21959,14823.866,792881.89949
2026-08-22 00:00:00,53.17,53.89,52.68,53.87,29730.835,1586310.58529,20445,15345.327,819203.6873
2026-08-22 01:00:00,53.86,54.16,53.06,53.18,55930.114,3000702.53794,26746,21408.14,1148720.75863
2026-08-22 02:00:00,53.19,54.64,53.18,54.5,67684.238,3655873.2724,24089,51857.166,2800882.98461
2026-08-22 03:00:00,54.5,55.0,53.91,54.25,89818.65,4897911.65311,33095,51451.691,2806736.90731
2026-08-22 04:00:00,54.25,55.45,53.8,54.91,94516.657,5173224.63655,34077,61173.548,3347784.14724
2026-08-22 05:00:00,54.91,55.19,50.32,52.01,192938.725,10008258.08573,115162,82278.821,4275890.3651
2026-08-22 06:00:00,52.01,52.15,51.28,52.02,44087.94,2283211.37338,30495,17353.598,898858.98739
2026-08-22 07:00:00,52.01,52.45,51.67,51.93,19597.327,1020251.69792,16299,9251.882,481692.26179
2026-08-22 08:00:00,51.94,52.16,50.96,51.35,35399.919,1818903.87204,25309,17715.593,910720.78513
2026-08-22 09:00:00,51.36,51.93,50.98,51.68,29230.003,1507375.40323,17135,12347.104,637235.60192
2026-08-22 10:00:00,51.69,51.71,50.49,51.32,42061.987,2144462.03042,25830,16577.204,845530.82478
2026-08-22 11:00:00,51.32,51.51,51.02,51.4,17002.405,871949.75449,11822,8704.935,446517.60819
2026-08-22 12:00:00,51.41,51.85,51.28,51.66,16127.201,832656.24827,11014,9223.073,476290.7839
2026-08-22 13:00:00,51.66,52.21,51.49,52.21,17077.814,885126.37387,12862,9289.177,481477.44372
2026-08-22 14:00:00,52.21,52.28,51.49,51.89,33783.23,1752277.40444,18344,14171.347,734354.4055
2026-08-22 15:00:00,51.9,52.16,51.44,51.94,22015.651,1142044.62631,16749,10187.665,528694.88307
2026-08-22 16:00:00,51.94,52.56,51.75,52.3,20878.18,1090538.09233,15205,11630.783,607686.19479
2026-08-22 17:00:00,52.3,52.76,52.21,52.63,16536.757,868650.7376,13372,9066.386,476270.6675
2026-08-22 18:00:00,52.62,53.02,52.59,52.96,16441.964,868268.53548,11654,9451.142,499085.81312
2026-08-22 19:00:00,52.96,53.73,52.81,53.2,24527.084,1306738.64108,13012,14706.568,783590.90691
2026-08-22 20:00:00,53.2,53.5,52.78,52.94,21411.654,1138087.43405,15372,10992.261,583846.55625
2026-08-22 21:00:00,52.93,52.93,51.87,51.97,15762.951,827850.69848,12059,6268.112,328710.44499
2026-08-22 22:00:00,51.97,52.74,51.77,52.58,15186.083,796664.62584,13821,8226.043,431455.07587
2026-08-22 23:00:00,52.59,52.71,52.09,52.45,11875.761,622799.9103,9820,5349.969,280546.4106
2026-08-23 00:00:00,52.46,52.92,52.24,52.77,14182.56,745315.48323,12319,7211.453,379019.47714
2026-08-23 01:00:00,52.77,52.77,52.01,52.04,15732.99,824080.65959,9551,6754.038,353742.50583
2026-08-23 02:00:00,52.04,52.05,51.38,51.56,15138.145,782321.88758,12309,6780.043,350340.27066
2026-08-23 03:00:00,51.55,51.62,51.08,51.22,11416.621,585703.1743,10284,4777.13,244998.20057
2026-08-23 04:00:00,51.21,51.52,50.7,51.13,56939.214,2907488.62785,17595,11414.396,583709.94819
2026-08-23 05:00:00,51.12,51.52,50.62,50.75,26636.687,1360484.88256,17469,15313.262,782721.11573
2026-08-23 06:00:00,50.75,51.39,50.68,51.2,10661.423,543779.95627,9155,4809.821,245380.22725
2026-08-23 07:00:00,51.2,51.49,51.11,51.24,8557.195,439067.72993,6481,3840.058,197101.44627
2026-08-23 08:00:00,51.24,51.93,51.16,51.74,13261.37,685366.0893,10333,5720.356,295531.38156
2026-08-23 09:00:00,51.75,52.0,51.67,51.83,10034.09,520066.30816,7640,5538.958,287087.71849
2026-08-23 10:00:00,51.82,52.29,51.82,52.13,11117.926,579098.22277,7791,5706.759,297194.5344
2026-08-23 11:00:00,52.14,52.48,51.86,52.29,16839.783,879571.82745,8987,6895.485,360453.87478
2026-08-23 12:00:00,52.28,52.58,52.01,52.54,12521.761,655247.50665,9036,6245.068,326964.66257
2026-08-23 13:00:00,52.54,53.09,52.41,53.0,30489.296,1605991.92641,12854,22586.926,1189148.31008
2026-08-23 14:00:00,53.01,53.2,51.68,52.13,37073.753,1940372.33089,25832,17587.526,920183.95905
2026-08-23 15:00:00,52.13,52.3,51.66,52.02,14223.203,740076.14147,11439,6894.158,358825.07133
2026-08-23 16:00:00,52.03,52.3,51.91,52.29,9617.314,500825.93506,8062,4833.113,251681.67348
2026-08-23 17:00:00,52.29,52.5,52.08,52.35,10247.952,536319.65718,8146,5114.594,267635.96488
2026-08-23 18:00:00,52.35,52.5,52.24,52.43,9427.303,493579.40743,7293,4134.518,216516.29724
2026-08-23 19:00:00,52.42,52.48,52.06,52.3,9290.675,485592.66211,6649,5979.321,312606.1329
2026-08-23 20:00:00,52.31,52.48,52.17,52.37,9866.619,516244.03298,6689,3604.195,188645.22159
2026-08-23 21:00:00,52.37,52.83,52.36,52.45,10151.824,534564.8761,8254,4498.1,236793.27656
2026-08-23 22:00:00,52.45,52.64,52.18,52.35,9651.512,505388.32277,9857,4916.303,257448.80345
2026-08-23 23:00:00,52.35,52.66,52.23,52.28,8860.437,464296.91838,6306,4503.888,236100.42103
2026-08-24 00:00:00,52.29,52.4,51.62,52.14,28271.977,1468179.97469,15366,15256.506,791934.42132
2026-08-24 01:00:00,52.15,52.19,51.35,51.44,16008.313,828407.52679,11117,5709.062,295281.60622
2026-08-24 02:00:00,51.44,52.01,51.28,51.91,10784.18,557701.26883,9778,5362.716,277429.13211
2026-08-24 03:00:00,51.92,51.94,51.48,51.7,9740.888,503584.72973,6997,4642.141,240023.32394
2026-08-24 04:00:00,51.7,52.28,51.7,51.99,11982.412,622924.4571,8108,6858.733,356526.97677
2026-08-24 05:00:00,51.98,52.23,51.78,52.07,13819.001,718451.53842,9949,6514.109,338669.10084
2026-08-24 06:00:00,52.07,52.25,51.83,52.15,14269.448,743204.37597,10411,7176.667,373951.70574
2026-08-24 07:00:00,52.16,52.51,52.05,52.15,11019.194,575897.81242,7406,5600.441,292717.5759
2026-08-24 08:00:00,52.16,52.23,51.61,51.95,23529.454,1221369.4068,11900,11342.614,588649.98643
2026-08-24 09:00:00,51.94,53.58,51.92,53.17,65133.061,3448699.25427,32664,32369.263,1714454.10905
2026-08-24 10:00:00,53.17,54.19,52.52,52.57,86364.881,4616803.35476,39896,40407.642,2161357.49583
2026-08-24 11:00:00,52.57,53.25,52.4,53.01,34645.141,1832456.26372,20707,17514.641,925897.21664
2026-08-24 12:00:00,53.01,53.73,52.56,53.46,26179.336,1388564.93638,20224,13184.518,699386.71569
2026-08-24 13:00:00,53.46,53.5,51.83,52.08,43103.042,2266568.59418,31563,23245.692,1221673.36232
2026-08-24 14:00:00,52.08,52.7,51.93,52.63,64097.308,3351270.45495,26011,40510.066,2116677.25237
2026-08-24 15:00:00,52.62,52.94,52.14,52.37,55678.07,2929558.7153,27531,30873.096,1625310.67712
2026-08-24 16:00:00,52.37,52.81,52.35,52.41,23961.028,1260475.55541,17699,10783.898,567327.51441
2026-08-24 17:00:00,52.42,52.47,51.66,51.83,36343.218,1888568.74496,25472,18637.258,968190.75735
2026-08-24 18:00:00,51.84,52.17,51.76,51.92,14337.224,745603.07557,11857,6368.108,331207.4274
2026-08-24 19:00:00,51.92,52.0,51.48,51.61,19460.073,1006820.1001,14101,9519.6,492579.72108
2026-08-24 20:00:00,51.61,51.81,51.39,51.76,17334.828,893925.78551,10212,9701.539,500237.40594
2026-08-24 21:00:00,51.77,51.88,51.66,51.86,10074.995,521672.28476,6047,3445.435,178449.72309
2026-08-24 22:00:00,51.85,51.91,51.41,51.54,7848.1,405543.89889,6234,3610.948,186617.74385
2026-08-24 23:00:00,51.55,51.75,51.25,51.66,9178.86,472957.18041,6754,4549.424,234449.85456
2026-08-25 00:00:00,51.65,52.18,51.42,52.14,14136.95,732165.18299,9127,7897.324,408819.10275
2026-08-25 01:00:00,52.14,52.42,52.0,52.33,15424.785,805995.656,9328,8559.452,447352.53691
2026-08-25 02:00:00,52.33,52.99,52.08,52.51,17904.962,941800.20841,14515,9731.018,511923.67366
2026-08-25 03:00:00,52.52,52.75,52.25,52.33,18965.189,996165.52703,10793,7281.962,382717.26627
2026-08-25 04:00:00,52.33,52.52,52.15,52.4,10440.938,546552.7927,8236,4769.311,249735.71734
2026-08-25 05:00:00,52.39,52.77,52.36,52.63,7688.343,404661.92748,5878,3513.092,184881.8322
2026-08-25 06:00:00,52.63,52.69,51.89,52.03,17479.504,914839.67419,11019,8289.539,434059.08571
2026-08-25 07:00:00,52.02,52.42,51.3,51.67,26002.445,1352688.77311,12779,11289.369,587878.58418
2026-08-25 08:00:00,51.68,52.0,51.56,51.67,10627.7,550458.5283,7090,5335.796,276360.5723
2026-08-25 09:00:00,51.68,51.79,50.97,51.31,24100.522,1237722.51386,12999,9216.627,473520.94559
2026-08-25 10:00:00,51.3,51.55,51.13,51.44,9890.738,508379.2792,6916,4768.124,245150.27934
2026-08-25 11:00:00,51.45,51.49,51.03,51.09,14123.967,723607.50339,8145,5774.169,296028.27806
2026-08-25 12:00:00,51.09,51.41,50.83,51.34,16747.997,856163.76624,11374,7977.764,407887.11796
2026-08-25 13:00:00,51.33,51.36,50.31,50.77,25012.249,1270783.32677,18482,10362.558,526378.70627
2026-08-25 14:00:00,50.77,51.27,50.62,50.92,18924.61,964994.19383,12497,7230.423,368832.5661
2026-08-25 15:00:00,50.92,51.2,50.8,51.19,16522.584,842898.38469,12023,7696.323,392637.08722
2026-08-25 16:00:00,51.18,51.25,50.91,51.05,15764.72,805186.64899,8815,6823.07,348574.23653
2026-08-25 17:00:00,51.04,51.11,50.71,51.04,15553.548,791809.63778,9056,9220.232,469483.74078
2026-08-25 18:00:00,51.03,51.23,50.98,51.12,9815.006,501658.08597,6273,6287.533,321370.973
2026-08-25 19:00:00,51.11,51.14,50.71,50.84,10937.363,556996.38667,6000,5219.068,265684.35442
2026-08-25 20:00:00,50.84,50.88,49.8,50.07,24766.412,1245590.96745,14676,9918.483,499771.18805
2026-08-25 21:00:00,50.07,50.4,49.45,50.33,27088.24,1355511.97803,20710,11672.488,583848.04215
2026-08-25 22:00:00,50.34,50.75,50.34,50.51,19079.307,964436.97737,12554,4355.848,220193.49691
2026-08-25 23:00:00,50.51,50.57,49.86,49.95,22690.483,1137693.09354,14260,8242.451,412704.16069
2026-08-26 00:00:00,49.95,50.34,49.74,50.23,22967.047,1148111.56447,15856,6009.899,300380.67503
2026-08-26 01:00:00,50.24,50.49,50.09,50.31,22426.102,1128403.78669,13726,5685.137,286037.15059
2026-08-26 02:00:00,50.31,50.49,50.02,50.44,22871.027,1150932.1019,12468,4858.239,244376.65227
2026-08-26 03:00:00,50.44,50.56,50.26,50.32,17265.992,870135.47684,11485,4506.947,227109.26798
2026-08-26 04:00:00,50.32,50.42,49.94,50.0,25120.251,1261873.68113,13441,6047.043,303690.17006
2026-08-26 05:00:00,50.0,50.46,49.87,50.37,20976.337,1052990.9783,13922,7108.765,356912.3723
2026-08-26 06:00:00,50.36,50.44,50.0,50.16,27464.008,1379439.78226,15600,11189.373,561988.07764
2026-08-26 07:00:00,50.15,50.37,50.04,50.19,14885.6,747001.06604,9026,6583.162,330320.03107
2026-08-26 08:00:00,50.2,50.44,50.13,50.22,12073.396,607511.60488,6554,4241.119,213408.79878
2026-08-26 09:00:00,50.21,50.38,49.95,50.14,12428.837,623462.87825,7150,5558.672,278859.36313
2026-08-26 10:00:00,50.13,50.72,49.96,50.71,12215.777,615005.49212,6985,6163.022,310389.3717
2026-08-26 11:00:00,50.71,50.83,50.39,50.56,12099.788,612753.9176,6547,3827.792,193848.21046
2026-08-26 12:00:00,50.57,50.92,50.25,50.46,20099.967,1016822.43648,11781,8351.619,422676.17722
2026-08-26 13:00:00,50.45,50.45,49.87,50.2,24829.543,1244035.69546,12812,11266.401,564436.03192
2026-08-26 14:00:00,50.19,50.32,49.47,49.53,28883.114,1440334.51519,12729,9986.564,497849.59166
2026-08-26 15:00:00,49.53,49.65,49.18,49.55,28254.493,1395955.62127,14523,13262.389,655530.6476
2026-08-26 16:00:00,49.54,49.84,49.49,49.77,13876.06,688701.07922,8224,6128.514,304299.37879
2026-08-26 17:00:00,49.77,50.04,49.72,49.95,7490.833,373836.16257,5670,4002.82,199790.52374
2026-08-26 18:00:00,49.95,50.04,49.79,49.93,11658.965,582018.00681,6134,6922.615,345551.1761
2026-08-26 19:00:00,49.93,50.01,49.76,49.84,11412.207,569302.38923,5434,6033.228,300961.96513
2026-08-26 20:00:00,49.84,49.9,49.61,49.9,11622.65,579494.79875,4777,8981.788,447882.25544
2026-08-26 21:00:00,49.9,50.18,49.79,50.1,47011.078,2346388.66358,11498,35569.933,1775342.01337
2026-08-26 22:00:00,50.11,50.46,49.99,50.07,13091.847,657782.32155,8461,5577.309,280120.8898
2026-08-26 23:00:00,50.07,50.58,50.03,50.51,7834.455,394430.31047,5459,3998.916,201276.67621
2026-08-27 00:00:00,50.5,50.5,49.87,49.9,8384.535,420784.91411,5200,3103.723,155858.11472
2026-08-27 01:00:00,49.89,50.2,49.78,49.97,9029.405,451520.41319,6314,4384.235,219213.95356
2026-08-27 02:00:00,49.97,50.12,49.9,49.91,7425.454,371054.98518,3968,2852.822,142600.23444
2026-08-27 03:00:00,49.92,50.14,49.77,49.96,8999.694,450030.77206,4628,5793.938,289904.94853
2026-08-27 04:00:00,49.96,50.04,49.66,49.72,10925.42,544857.04663,4406,4569.796,227782.0308
2026-08-27 05:00:00,49.73,49.8,49.39,49.76,13963.869,692756.93612,6882,5358.442,266014.20638
2026-08-27 06:00:00,49.75,49.8,49.53,49.75,8676.014,430685.57351,4358,4195.14,208254.38647
2026-08-27 07:00:00,49.76,49.85,49.62,49.79,10199.352,507349.67706,5347,4911.124,244322.44081
2026-08-27 08:00:00,49.79,50.28,49.66,50.21,64225.436,3206325.7824,15531,45832.904,2287105.83987
2026-08-27 09:00:00,50.2,50.51,50.05,50.26,21112.847,1062334.11022,10520,10014.351,504085.89713
2026-08-27 10:00:00,50.26,50.35,49.6,49.93,19635.502,979799.8007,11033,8003.7,399297.82138
2026-08-27 11:00:00,49.92,50.12,49.66,49.86,10063.516,502301.34544,7703,4271.219,213209.75363
2026-08-27 12:00:00,49.87,49.97,49.63,49.67,11195.957,557613.39887,6745,6201.622,308899.79258
2026-08-27 13:00:00,49.67,50.19,49.67,50.08,14290.24,713538.6868,10052,6897.405,344370.68943
2026-08-27 14:00:00,50.07,50.47,49.81,50.25,21159.105,1062427.45161,11001,12317.419,618768.2467
2026-08-27 15:00:00,50.26,50.53,49.91,50.19,35635.777,1787389.43837,14755,20554.298,1030440.50418
2026-08-27 16:00:00,50.18,50.52,50.1,50.25,26663.107,1343136.03219,11349,15290.649,770641.13377
2026-08-27 17:00:00,50.25,50.5,50.02,50.17,12651.225,636355.73767,8844,5310.411,267089.28781
2026-08-27 18:00:00,50.17,50.19,49.7,49.97,15921.925,795004.62471,9592,6823.675,340776.37474
2026-08-27 19:00:00,49.98,50.11,49.9,49.99,7146.307,357278.78118,5403,3674.923,183722.46273
2026-08-27 20:00:00,49.99,50.12,49.86,49.99,6020.329,300963.20791,4742,2061.374,103023.84454
2026-08-27 21:00:00,50.0,50.05,49.79,50.0,6013.271,300129.85908,3829,2666.268,133105.28145
2026-08-27 22:00:00,50.0,50.21,49.94,49.99,5638.92,282401.99712,3715,2745.114,137494.92362
2026-08-27 23:00:00,49.98,50.0,49.87,49.92,5759.423,287680.83391,3360,2975.075,148608.92113
2026-08-28 00:00:00,49.92,50.19,49.66,50.07,8772.374,437934.97973,6467,4341.983,216740.54419
2026-08-28 01:00:00,50.08,50.49,49.95,49.98,11985.91,602229.81256,7992,5545.043,278642.45844
2026-08-28 02:00:00,49.98,49.98,48.96,49.35,25898.837,1279013.28942,13164,9099.032,449267.61186
2026-08-28 03:00:00,49.35,49.47,49.14,49.36,12667.187,624989.74936,6417,7426.922,366508.02756
2026-08-28 04:00:00,49.35,49.49,49.12,49.25,9082.461,447568.87083,5762,5000.418,246358.01981
2026-08-28 05:00:00,49.24,49.33,49.0,49.19,5181.891,254716.23237,4297,2005.613,98617.13789
2026-08-28 06:00:00,49.2,49.44,49.2,49.39,4093.664,201825.1636,2991,2228.29,109849.74143
2026-08-28 07:00:00,49.38,49.4,49.15,49.2,5154.341,253721.00051,3613,2160.43,106362.32971
2026-08-28 08:00:00,49.2,49.3,48.94,48.99,9268.87,455596.99353,5242,3729.292,183359.1782
2026-08-28 09:00:00,48.99,49.11,48.78,48.94,13353.207,654059.35254,6824,5107.92,250244.70524
2026-08-28 10:00:00,48.95,49.09,48.68,49.08,11856.176,578824.8142,5756,5523.923,269735.53208
2026-08-28 11:00:00,49.08,49.19,49.01,49.11,5777.579,283754.17672,3387,2731.766,134167.34953
2026-08-28 12:00:00,49.12,49.17,48.72,49.05,29286.205,1432711.48988,9939,11520.376,563407.61404
2026-08-28 13:00:00,49.04,49.16,48.82,49.05,16820.06,823877.35522,8560,6571.72,321972.28794
2026-08-28 14:00:00,49.06,49.48,48.43,49.36,34313.541,1682147.30061,19586,12785.588,626753.09201
2026-08-28 15:00:00,49.36,49.5,48.51,48.58,18040.09,884210.62216,10786,7060.78,346306.76916
2026-08-28 16:00:00,48.57,48.91,48.0,48.87,34657.799,1681435.01194,21031,16003.612,777880.1493
2026-08-28 17:00:00,48.86,49.1,48.76,49.06,23711.395,1160230.21819,11250,10898.392,533590.47548
2026-08-28 18:00:00,49.06,49.09,48.6,48.89,9906.581,483600.86843,7103,4300.288,209948.83788
2026-08-28 19:00:00,48.9,49.24,48.89,49.2,9469.754,464784.74488,5385,4762.767,233761.02685
2026-08-28 20:00:00,49.21,49.57,49.16,49.56,16463.7,812508.16846,7545,10231.01,504908.19997
2026-08-28 21:00:00,49.57,49.6,49.12,49.24,19407.306,956818.74848,6381,10201.243,502845.50607
2026-08-28 22:00:00,49.25,49.42,49.23,49.32,11602.953,572176.37877,3886,5739.688,283083.51171
2026-08-28 23:00:00,49.32,49.33,49.24,49.33,8228.527,405536.3025,2694,4268.318,210370.41494
2026-08-29 00:00:00,49.32,49.51,49.18,49.19,6303.569,311321.73993,3151,2787.594,137706.5404
2026-08-29 01:00:00,49.19,49.22,49.06,49.19,7556.437,371244.48958,2974,1906.648,93698.30427
2026-08-29 02:00:00,49.2,49.26,48.92,48.99,11328.34,555422.31458,3292,6095.95,298804.1962
2026-08-29 03:00:00,48.99,49.02,48.89,48.91,4546.242,222594.00095,2211,2183.059,106897.34866
2026-08-29 04:00:00,48.92,49.15,48.91,49.1,2644.529,129788.54288,2116,1421.59,69758.18735
2026-08-29 05:00:00,49.09,49.23,49.07,49.19,2912.813,143197.82474,1996,1534.783,75449.60955
2026-08-29 06:00:00,49.19,49.38,49.01,49.31,10533.242,517927.11057,3534,7804.712,383774.18151
2026-08-29 07:00:00,49.31,49.34,49.17,49.25,7090.919,349187.22977,2567,2155.664,106159.72851
2026-08-29 08:00:00,49.24,49.34,48.94,49.06,17149.475,843139.89099,5014,5824.214,286274.1823
2026-08-29 09:00:00,49.05,49.05,48.83,48.87,12936.689,632955.6283,3723,2760.567,135072.81463
2026-08-29 10:00:00,48.88,48.89,48.7,48.81,12110.857,591036.8636,4090,4364.284,213011.3379
2026-08-29 11:00:00,48.81,48.86,48.72,48.73,5569.211,271707.23506,2560,2466.319,120331.78035
2026-08-29 12:00:00,48.72,48.87,48.71,48.8,5395.979,263221.46752,2860,2907.511,141829.51518
2026-08-29 13:00:00,48.79,48.97,48.74,48.94,4209.083,205528.68859,2465,2382.438,116362.27445
2026-08-29 14:00:00,48.94,49.29,48.92,49.17,8903.609,437347.58227,4128,4747.505,233203.49247
2026-08-29 15:00:00,49.17,49.19,48.99,49.09,8595.317,422146.38282,3470,2877.317,141214.95067
2026-08-29 16:00:00,49.09,49.21,48.87,48.89,8433.59,413808.05618,4077,3764.558,184772.50453
2026-08-29 17:00:00,48.88,48.96,48.69,48.78,13404.948,654132.82681,4369,4147.117,202427.24137
2026-08-29 18:00:00,48.77,48.84,48.5,48.78,28025.461,1364472.03075,6092,10967.846,534231.26646
2026-08-29 19:00:00,48.78,48.94,48.69,48.9,9825.739,479774.59039,3200,4967.461,242621.13186
2026-08-29 20:00:00,48.89,49.07,48.87,48.93,15160.198,742394.02581,4349,8022.214,392982.23736
2026-08-29 21:00:00,48.93,49.0,48.77,48.92,10852.123,530368.43523,3852,3192.124,156103.86573
2026-08-29 22:00:00,48.92,48.97,48.89,48.96,3069.05,150167.68998,2062,1421.369,69550.57413
2026-08-29 23:00:00,48.96,49.03,48.87,49.02,4153.187,203216.62837,2210,2040.149,99813.41349
2026-08-30 00:00:00,49.02,49.02,48.77,48.79,7842.514,383387.02955,3302,4498.307,219836.48134
2026-08-30 01:00:00,48.8,48.85,48.74,48.82,2669.959,130277.54893,1855,1221.848,59614.9226
2026-08-30 02:00:00,48.81,48.97,48.78,48.92,3724.355,182056.52383,2068,2354.808,115102.76972
2026-08-30 03:00:00,48.93,48.95,48.86,48.9,2702.931,132209.11682,1648,1592.664,77905.41138
2026-08-30 04:00:00,48.9,48.93,48.75,48.83,3224.976,157577.93767,2076,1350.837,66011.38777
2026-08-30 05:00:00,48.84,48.97,48.82,48.97,2919.603,142779.80833,1662,1104.694,54029.71683
2026-08-30 06:00:00,48.97,49.06,48.9,49.06,3671.747,179865.06526,2154,1865.985,91435.46957
2026-08-30 07:00:00,49.06,49.06,48.85,48.91,4703.261,230141.73652,2095,2416.158,118213.44919
2026-08-30 08:00:00,48.92,49.04,48.91,49.03,5801.983,284231.30146,2574,3830.776,187651.28224
2026-08-30 09:00:00,49.02,49.2,49.0,49.11,7044.002,345864.06938,3668,2999.176,147291.13467
2026-08-30 10:00:00,49.1,49.3,49.09,49.26,3641.8,179164.23247,2361,1635.236,80446.37296
2026-08-30 11:00:00,49.26,49.37,49.19,49.37,7289.974,359193.32704,4488,4137.18,203900.61363
2026-08-30 12:00:00,49.37,49.81,49.3,49.69,23731.613,1177188.12437,9500,14070.678,697779.87623
2026-08-30 13:00:00,49.69,49.79,49.61,49.67,8349.236,414928.41845,4807,4035.811,200591.92321
2026-08-30 14:00:00,49.66,49.98,49.58,49.89,8105.185,403306.81452,4203,4239.17,210997.80661
2026-08-30 15:00:00,49.89,50.13,49.78,50.02,11604.352,579950.46272,5873,6216.629,310765.53754
2026-08-30 16:00:00,50.03,50.13,49.89,50.07,13721.841,686739.27031,7267,9014.245,451200.31354
2026-08-30 17:00:00,50.07,50.07,49.74,49.92,8168.078,407499.33574,5155,4745.082,236642.02032
2026-08-30 18:00:00,49.92,50.03,49.79,49.94,12950.211,646436.92552,4855,5453.844,272281.24359
2026-08-30 19:00:00,49.93,49.94,49.53,49.71,6015.776,299217.79336,4265,3676.095,182890.99084
2026-08-30 20:00:00,49.71,49.79,49.17,49.29,9332.758,461866.24191,6418,3613.923,178937.71974
2026-08-30 21:00:00,49.29,49.31,48.88,49.14,8425.847,413856.06947,6868,3647.596,179175.74329
2026-08-30 22:00:00,49.14,49.3,48.65,48.8,7897.032,386407.44025,5542,4183.435,204779.92463
2026-08-30 23:00:00,48.81,48.81,47.41,47.94,34594.945,1661573.92651,24200,14987.128,720085.22489
2026-08-31 00:00:00,47.94,48.47,47.72,48.33,8915.073,428920.14798,6600,4790.234,230395.50643
2026-08-31 01:00:00,48.34,48.39,47.88,47.98,9718.943,467256.53464,7224,4452.456,214019.94286
2026-08-31 02:00:00,47.99,48.31,47.95,48.13,6329.05,304806.82505,4330,2874.245,138376.57214
2026-08-31 03:00:00,48.13,48.5,48.09,48.44,5718.931,276341.09822,3160,3404.806,164534.12187
2026-08-31 04:00:00,48.43,48.43,48.06,48.31,9432.428,454794.46321,3914,3703.196,178530.58586
2026-08-31 05:00:00,48.31,48.67,48.23,48.58,6479.333,314531.95163,4247,3290.894,159754.1876
2026-08-31 06:00:00,48.59,48.79,48.53,48.66,7478.68,363963.01687,4938,4035.097,196322.88491
2026-08-31 07:00:00,48.66,48.71,48.55,48.62,6102.218,296668.74827,3566,4127.368,200656.92684
2026-08-31 08:00:00,48.63,48.81,48.47,48.77,7513.328,365295.98439,5144,3944.804,191811.77715
2026-08-31 09:00:00,48.76,48.86,48.57,48.59,8900.418,433546.41009,4938,3041.237,148130.14606
2026-08-31 10:00:00,48.6,48.65,48.38,48.58,16015.02,776720.93064,6340,7922.077,384211.51229
2026-08-31 11:00:00,48.58,48.61,48.27,48.35,14824.753,718054.4033,6351,7768.41,376353.67153
2026-08-31 12:00:00,48.35,48.67,48.25,48.52,18114.712,878146.4942,9164,8793.098,426327.9808
2026-08-31 13:00:00,48.53,48.74,48.14,48.22,15860.402,768063.11487,9298,6665.97,322858.47953
2026-08-31 14:00:00,48.22,48.64,48.11,48.44,9321.863,450474.72257,7536,4862.681,235057.38119
2026-08-31 15:00:00,48.45,48.63,48.31,48.54,10228.062,495668.55269,6742,3689.552,178780.98518
2026-08-31 16:00:00,48.53,48.63,48.26,48.36,25301.008,1224846.0671,6925,14278.726,691214.96652
2026-08-31 17:00:00,48.36,48.69,48.31,48.58,8839.216,428561.31521,5554,4497.493,218033.13369
2026-08-31 18:00:00,48.57,48.96,48.52,48.9,8669.718,422685.32856,5347,5434.832,264958.45725
2026-08-31 19:00:00,48.9,48.98,48.86,48.94,8008.866,391852.95072,4432,4320.882,211425.65782
2026-08-31 20:00:00,48.95,49.05,48.81,48.87,8373.062,409413.18414,4010,3494.521,170917.06984
2026-08-31 21:00:00,48.87,48.89,48.63,48.64,11173.109,544455.37147,4498,4720.219,230053.81566
2026-08-31 22:00:00,48.64,48.7,48.54,48.58,7736.076,375919.6669,2987,4179.633,203088.5632
2026-08-31 23:00:00,48.57,48.57,48.43,48.55,8662.398,420137.56444,2387,1711.455,83001.66379
2026-09-01 00:00:00,48.55,48.84,48.51,48.75,6766.666,329638.75149,4007,3471.181,169116.81235
2026-09-01 01:00:00,48.76,48.89,48.68,48.71,4313.233,210394.54463,3572,1990.585,97099.52619
2026-09-01 02:00:00,48.7,48.8,48.59,48.76,6680.011,325256.48836,3492,2769.069,134823.51812
2026-09-01 03:00:00,48.76,49.03,48.74,48.99,5218.898,255233.48964,3567,3689.182,180489.0342
2026-09-01 04:00:00,48.99,49.03,48.74,48.77,8364.77,408938.1535,3580,4651.992,227427.26698
2026-09-01 05:00:00,48.77,49.18,48.76,49.14,8902.214,436004.80201,4190,5655.235,277012.95441
2026-09-01 06:00:00,49.14,49.15,48.85,48.87,9165.134,449358.7578,4243,4173.566,204618.81821
2026-09-01 07:00:00,48.86,49.01,48.79,48.9,12366.562,604670.71952,4112,6757.927,330431.30012
2026-09-01 08:00:00,48.91,48.93,48.35,48.38,13535.491,657510.96658,8404,6802.08,330521.95836
2026-09-01 09:00:00,48.38,48.65,48.3,48.62,10469.055,507686.04914,6156,6499.296,315156.42193
2026-09-01 10:00:00,48.62,49.05,48.58,48.98,17656.275,862888.01266,8773,12156.755,594101.84456
2026-09-01 11:00:00,48.97,49.17,48.82,49.09,15844.7,776538.11009,7781,10111.863,495574.46249
2026-09-01 12:00:00,49.1,49.31,48.87,49.15,15643.684,768507.7022,8522,8139.05,399867.23288
2026-09-01 13:00:00,49.14,49.57,48.93,49.45,20305.916,1001597.53153,13121,10024.413,494450.21562
2026-09-01 14:00:00,49.46,49.84,49.42,49.64,18850.099,936056.13658,10193,9902.472,491629.41725
2026-09-01 15:00:00,49.63,49.99,49.32,49.89,22771.507,1130329.65003,11779,13097.879,650193.44711
2026-09-01 16:00:00,49.89,49.92,49.43,49.75,22114.136,1098016.26354,14439,13175.81,654247.02771
2026-09-01 17:00:00,49.74,49.97,49.47,49.67,22605.945,1123250.02771,12159,9850.483,489778.29419
2026-09-01 18:00:00,49.67,49.72,48.82,49.34,25597.05,1259709.13153,14917,13057.348,642758.55396
2026-09-01 19:00:00,49.35,49.64,49.23,49.53,9801.011,484878.61703,6367,4849.508,239853.73335
2026-09-01 20:00:00,49.53,49.74,49.32,49.63,11100.391,550180.52856,7081,4976.861,246666.15388
2026-09-01 21:00:00,49.63,49.98,49.29,49.96,19321.007,958488.06225,10603,11750.507,582875.52775
2026-09-01 22:00:00,49.96,50.09,49.49,49.5,15720.084,783825.08499,7764,9711.426,484328.63046
2026-09-01 23:00:00,49.5,49.69,49.39,49.57,7474.87,370214.09283,5087,3814.645,188902.54505
2026-09-02 00:00:00,49.56,49.86,49.07,49.15,19628.214,969747.11682,9729,8002.306,395166.53255
2026-09-02 01:00:00,49.15,49.32,48.85,49.03,9929.906,487573.89793,6772,3928.074,192916.4738
2026-09-02 02:00:00,49.02,49.36,49.0,49.32,7407.198,364594.85086,4877,3480.689,171366.57252
2026-09-02 03:00:00,49.31,49.59,49.1,49.18,14745.482,728276.38747,8896,9976.585,492763.76835
2026-09-02 04:00:00,49.17,49.49,49.0,49.42,11799.284,580855.17099,6455,7673.051,377697.49843
2026-09-02 05:00:00,49.42,49.57,49.27,49.44,9724.02,480891.54838,5804,5324.115,263297.02209
2026-09-02 06:00:00,49.45,49.76,49.29,49.49,20848.615,1031611.72125,7569,8264.894,409051.9299
2026-09-02 07:00:00,49.5,49.75,49.01,49.19,24079.282,1188600.53536,8870,11021.728,544101.65559
2026-09-02 08:00:00,49.2,49.21,48.68,48.83,19076.852,934452.75168,9182,9360.107,458510.30543
2026-09-02 09:00:00,48.83,48.94,48.63,48.84,12297.97,599955.53195,8561,7723.63,376804.11661
2026-09-02 10:00:00,48.84,48.84,48.5,48.77,13186.365,641802.79986,8526,6972.647,339362.37491
2026-09-02 11:00:00,48.77,48.84,48.57,48.82,11628.243,566434.37752,6788,3994.308,194576.86924
2026-09-02 12:00:00,48.81,48.95,48.68,48.75,13466.8,657190.88554,7007,7301.008,356280.19001
2026-09-02 13:00:00,48.75,49.3,48.75,49.23,16572.432,813024.2007,11072,8017.639,393215.17664
2026-09-02 14:00:00,49.22,49.41,49.11,49.12,8256.812,406847.53103,6528,4246.466,209228.602
2026-09-02 15:00:00,49.11,49.56,48.97,49.41,22848.346,1126592.21682,13582,10924.483,538432.68998
2026-09-02 16:00:00,49.41,49.67,49.32,49.38,15556.923,769356.2147,9617,7279.382,360054.96142
2026-09-02 17:00:00,49.38,49.57,49.11,49.53,25017.45,1236173.91073,9726,11480.268,567590.07734
2026-09-02 18:00:00,49.54,49.79,49.35,49.72,17091.971,846913.77669,8045,8709.957,431749.57559
2026-09-02 19:00:00,49.73,49.88,49.6,49.79,13600.398,676897.11194,6228,7168.347,356815.31454
2026-09-02 20:00:00,49.8,50.02,49.7,49.74,18417.664,918125.01397,8181,8085.583,403160.31568
2026-09-02 21:00:00,49.74,49.95,49.54,49.86,13834.288,687658.8993,6402,6869.413,341635.01537
2026-09-02 22:00:00,49.86,49.87,49.52,49.54,6260.821,310685.48983,4562,3484.023,172892.06597
2026-09-02 23:00:00,49.53,49.7,49.5,49.69,9366.703,464662.97474,4335,6213.987,308258.59136
2026-09-03 00:00:00,49.69,49.87,49.6,49.61,9690.53,482100.84033,6889,5598.537,278558.23307
2026-09-03 01:00:00,49.61,50.08,49.48,49.77,13112.973,653939.49157,8833,7892.331,393567.51929
2026-09-03 02:00:00,49.77,50.26,49.75,50.24,19983.578,999670.35295,9382,13255.387,663041.10254
2026-09-03 03:00:00,50.24,50.27,50.08,50.15,8157.889,409274.38623,4238,4281.403,214741.21224
2026-09-03 04:00:00,50.16,50.38,50.09,50.38,6923.347,347646.52873,4328,4547.1,228328.10846
2026-09-03 05:00:00,50.37,50.41,49.84,50.18,11288.259,565172.69542,6993,6219.621,311343.17778
2026-09-03 06:00:00,50.18,50.4,50.08,50.34,5694.085,286016.65376,3984,3596.071,180623.48608
2026-09-03 07:00:00,50.34,50.58,50.31,50.44,16232.232,818709.5096,6796,6125.387,309076.04399
2026-09-03 08:00:00,50.44,51.01,50.44,50.84,31714.685,1611237.18442,14437,23404.074,1189250.59523
2026-09-03 09:00:00,50.85,50.94,50.41,50.56,30097.021,1522968.67994,10618,7294.722,369548.52033
2026-09-03 10:00:00,50.56,50.76,50.46,50.64,10044.846,508283.98511,5873,5275.334,266944.39761
2026-09-03 11:00:00,50.63,51.0,50.53,50.94,14616.213,741792.72571,8158,7550.057,383210.75317
2026-09-03 12:00:00,50.94,51.1,50.81,51.03,13438.655,684611.11458,8128,7513.835,382816.90267
2026-09-03 13:00:00,51.03,51.04,50.68,50.77,12627.481,642807.10486,7930,5832.862,296879.94354
2026-09-03 14:00:00,50.76,51.27,50.69,51.17,22441.164,1144642.66457,11418,12881.124,656905.87441
2026-09-03 15:00:00,51.17,51.38,50.98,51.29,31024.937,1587907.22763,12963,15751.085,806522.60887
2026-09-03 16:00:00,51.3,51.34,50.98,51.31,14332.69,733702.45611,8419,6239.52,319504.65518
2026-09-03 17:00:00,51.31,51.44,51.22,51.3,10488.39,538394.46115,6205,4999.68,256641.25126
2026-09-03 18:00:00,51.29,51.37,51.19,51.34,9710.487,497965.71878,5289,5010.197,256947.03944
2026-09-03 19:00:00,51.34,51.78,51.33,51.66,17679.556,912631.04608,7435,8595.409,443627.45674
2026-09-03 20:00:00,51.65,51.74,51.46,51.62,10979.726,567134.33815,5784,4092.165,211379.17673
2026-09-03 21:00:00,51.63,51.87,51.55,51.7,7696.77,397931.81774,5511,4852.267,250833.86675
2026-09-03 22:00:00,51.7,51.78,51.15,51.24,17301.208,888300.6077,8517,4976.306,255654.47281
2026-09-03 23:00:00,51.23,51.52,51.22,51.49,7898.709,405837.00044,5071,4765.809,244874.49715
2026-09-04 00:00:00,51.49,51.61,51.02,51.05,13625.237,699801.97303,6774,6242.446,320714.87756
2026-09-04 01:00:00,51.04,51.15,51.0,51.11,4782.29,244221.98249,3433,2361.931,120647.20482
2026-09-04 02:00:00,51.12,51.17,51.01,51.17,3661.191,186953.37529,2601,2133.425,108963.08257
2026-09-04 03:00:00,51.17,51.24,51.03,51.09,6040.459,308989.93378,2754,2585.188,132245.77769
2026-09-04 04:00:00,51.09,51.35,51.06,51.13,4887.238,250292.18713,3244,2982.329,152720.23924
2026-09-04 05:00:00,51.13,51.17,50.74,50.86,20558.381,1047629.19391,4631,4292.745,218892.99947
2026-09-04 06:00:00,50.86,51.02,50.81,51.02,6767.901,344589.30899,3938,3816.907,194363.23566
2026-09-04 07:00:00,51.03,51.26,50.99,51.21,7949.693,406495.71482,5017,3906.986,199760.30434
2026-09-04 08:00:00,51.21,51.36,51.02,51.34,10394.44,531992.11698,5885,5362.462,274523.31065
2026-09-04 09:00:00,51.34,51.44,51.16,51.19,12778.895,655599.19894,5838,5652.145,289935.37782
2026-09-04 10:00:00,51.19,51.28,51.07,51.2,8309.346,425199.20766,4371,4548.977,232788.60625
2026-09-04 11:00:00,51.21,51.39,51.11,51.31,9665.124,495199.68325,4539,5935.622,304116.66323
2026-09-04 12:00:00,51.32,51.44,49.93,50.46,48911.455,2474160.43672,24034,23691.208,1198387.37133
2026-09-04 13:00:00,50.45,50.76,50.34,50.5,15221.423,768542.74288,10109,7791.488,393503.01999
2026-09-04 14:00:00,50.49,50.56,49.8,50.03,16538.547,829485.81658,9492,8166.102,409642.07274
2026-09-04 15:00:00,50.02,50.32,49.94,50.26,12837.221,644813.61328,6655,5584.965,280523.11182
2026-09-04 16:00:00,50.27,50.59,50.21,50.5,8732.432,440336.67993,4935,5078.107,256012.80271
2026-09-04 17:00:00,50.51,50.51,50.24,50.25,6632.524,334252.57024,4036,2995.944,151005.43051
2026-09-04 18:00:00,50.25,50.47,50.24,50.47,7144.741,359925.73055,3513,3858.984,194423.39634
2026-09-04 19:00:00,50.46,50.71,50.46,50.68,9020.475,456316.38234,4036,6001.647,303581.67016
2026-09-04 20:00:00,50.68,50.84,50.62,50.8,8351.468,423841.89158,3615,3115.921,158086.3846
2026-09-04 21:00:00,50.8,50.91,50.63,50.71,9534.665,484338.52742,4372,4475.472,227387.23909
2026-09-04 22:00:00,50.71,50.85,50.62,50.71,10433.762,529265.61822,3719,4778.975,242419.86802
2026-09-04 23:00:00,50.71,50.87,50.59,50.76,10058.199,510014.22583,3427,4326.422,219320.62665
2026-09-05 00:00:00,50.75,51.21,50.72,51.01,10152.746,518192.3466,5540,5233.797,267145.61042
2026-09-05 01:00:00,51.02,51.93,50.95,51.34,30090.641,1549071.77771,14061,14103.421,725862.03302
2026-09-05 02:00:00,51.35,52.26,51.3,52.21,29268.946,1516393.26236,12730,15023.926,778014.41836
2026-09-05 03:00:00,52.21,52.83,52.15,52.49,36360.593,1910167.25887,18714,18943.241,994871.202
2026-09-05 04:00:00,52.48,52.74,52.23,52.6,26696.7,1399709.31139,14501,14227.72,745940.55661
2026-09-05 05:00:00,52.6,52.95,52.36,52.79,26151.143,1379484.00318,13146,14007.572,738895.86038
2026-09-05 06:00:00,52.79,53.85,52.78,53.6,46910.551,2512349.9939,22560,24734.301,1323972.91723
2026-09-05 07:00:00,53.61,54.37,53.57,53.75,81741.98,4414502.45007,29861,47952.365,2589481.23126
2026-09-05 08:00:00,53.76,53.9,52.94,53.05,50194.977,2677980.08254,16568,19809.698,1055637.11491
2026-09-05 09:00:00,53.06,53.14,52.84,53.02,29920.975,1585363.9377,11836,18433.562,976654.84886
2026-09-05 10:00:00,53.02,53.12,52.8,52.93,15032.318,796057.2554,8068,7413.105,392556.187
2026-09-05 11:00:00,52.93,53.04,52.8,52.97,12272.889,649640.31374,6100,7071.636,374346.17393
2026-09-05 12:00:00,52.97,53.7,52.9,53.63,23603.282,1259576.32499,13573,13931.509,743462.39979
2026-09-05 13:00:00,53.63,54.11,53.5,53.83,26090.425,1404859.05275,15381,13028.634,701491.29078
2026-09-05 14:00:00,53.82,54.05,53.64,53.8,24664.075,1328532.89386,10953,11679.811,629032.33631
2026-09-05 15:00:00,53.81,54.42,53.47,53.68,26985.098,1454911.53155,15116,14094.184,759788.36758
2026-09-05 16:00:00,53.69,54.45,53.68,54.4,20139.211,1087844.96776,11943,11021.936,595460.74319
2026-09-05 17:00:00,54.4,54.97,54.28,54.94,43234.351,2363827.28941,19104,22164.453,1211813.95819
2026-09-05 18:00:00,54.93,55.13,54.47,54.52,35409.837,1942006.45207,15844,20231.767,1109985.32137
2026-09-05 19:00:00,54.51,54.68,54.06,54.25,15948.887,867229.99477,8184,7966.694,433539.7842
2026-09-05 20:00:00,54.25,54.33,53.66,53.88,20154.195,1087578.51413,8703,11278.569,608599.19852
2026-09-05 21:00:00,53.88,54.54,53.8,54.52,5910.961,320101.19161,5017,3173.296,171838.04142
2026-09-05 22:00:00,54.52,55.35,54.4,54.85,35031.608,1922247.00768,18648,17459.693,957928.72021
2026-09-05 23:00:00,54.84,54.99,54.57,54.69,12078.376,661970.35608,7865,6103.508,334481.23431
2026-09-06 00:00:00,54.7,54.82,54.36,54.43,12210.708,666903.07807,7154,6289.407,343452.65741
2026-09-06 01:00:00,54.43,54.89,54.33,54.85,9461.027,516558.85069,5749,5367.914,293059.02154
2026-09-06 02:00:00,54.84,54.95,54.58,54.68,11903.738,652231.24475,5847,5294.539,290063.39264
2026-09-06 03:00:00,54.67,55.17,54.58,54.9,15702.785,861566.79638,5867,8829.068,484621.26345
